gaba_target,gaba_root_id,gaba_cis_k8,gaba_cis_k32,gaba_degree,gaba_in_degree,gaba_out_degree,ctrl_target,ctrl_root_id,ctrl_cis_k8,ctrl_cis_k32,ctrl_degree
40999,720575940619991862,2.2965415944375955e-05,,3075.0,1832.0,1243.0,128837,720575940640736371,0.00039733814887710217,0.00025221866811669935,2817.0
122148,720575940637689486,8.807054749437881e-05,,2983.0,1557.0,1426.0,111127,720575940633305681,0.0002545047183737381,0.0003082789906458383,2714.0
117591,720575940635684762,0.00016447612181058613,0.00020926330422632589,2510.0,647.0,1863.0,109116,720575940632777320,0.00024363129694715546,0.0011131620197143421,2275.0
35309,720575940618554041,5.301834460957888e-05,,2404.0,1502.0,902.0,71334,720575940625525740,0.0004045975116495626,0.0008909265788276666,2201.0
83246,720575940627706398,3.2880643145549726e-05,,2290.0,1171.0,1119.0,73990,720575940626044942,0.00028989541378365846,0.002344116557160103,2063.0
82176,720575940627502338,3.4120046546015637e-05,,2225.0,1112.0,1113.0,15807,720575940612976497,0.00019371146083779767,0.0010589137416131544,2034.0
57691,720575940623000858,0.00024037135355003958,0.0002708639305760152,2194.0,936.0,1258.0,105371,720575940631945815,0.0001884778456396896,0.00071304889720053,2021.0
114524,720575940634545890,0.00019176382692331906,0.00018492979462642056,2130.0,921.0,1209.0,84941,720575940627996285,0.0003034976057215699,0.000889336509091343,1942.0
24646,720575940615743650,4.0900312205716105e-05,,2038.0,1446.0,592.0,75708,720575940626403917,0.0003808197136446756,0.002052388301958308,1909.0
99881,720575940630810306,4.111903045267429e-05,,2025.0,1435.0,590.0,119573,720575940636543668,0.0033097313078953583,0.0017627775498866849,1891.0
73959,720575940626039996,0.00034959508008403084,0.00034238693049276625,1773.0,1087.0,686.0,85211,720575940628038808,0.00024451658509017093,0.0011292949528417529,1751.0
69357,720575940625102224,1.8591051002547765e-05,,1755.0,873.0,882.0,101914,720575940631190016,0.00015148842399514972,0.0008513672393108962,1692.0
83792,720575940627796298,0.0001936385547556263,5.1786736987191606e-05,1743.0,821.0,922.0,107576,720575940632427603,3.586979252256928e-05,,1657.0
9384,720575940610584184,3.1526673044512954e-05,,1609.0,870.0,739.0,37720,720575940619148829,0.0001403754540122426,4.177773379121508e-05,1449.0
2835,720575940606149321,9.550696789539792e-06,,1546.0,840.0,706.0,17293,720575940613455986,0.00016227852418493338,7.765239825491266e-05,1439.0
72365,720575940625741287,6.258466413122665e-05,,1462.0,309.0,1153.0,105655,720575940631999685,0.00011837864744801418,0.0009181436010368138,1425.0
50016,720575940621640363,1.0571381942714453e-05,,1401.0,741.0,660.0,95698,720575940630006521,3.4557483040043024e-05,,1412.0
124847,720575940638900713,2.4277725426791186e-05,,1398.0,746.0,652.0,135689,720575940650416505,4.825341136960315e-05,,1331.0
129023,720575940640834211,2.165310646173868e-05,,1395.0,744.0,651.0,2431,720575940605899692,0.0001030892004609818,1.9688314464361145e-05,1258.0
94868,720575940629856515,4.724314137116714e-05,,1356.0,1220.0,136.0,20753,720575940614614495,0.00033023330763948255,7.512454719477146e-05,1245.0
3777,720575940606756030,0.0001080468140616242,3.8295978292302024e-05,1341.0,922.0,419.0,75216,720575940626309562,0.00044930977044710385,6.614202332599906e-05,1240.0
31840,720575940617749538,8.457105554193767e-06,,1334.0,1217.0,117.0,68592,720575940624973831,2.442353759146698e-05,,1219.0
29921,720575940617257985,1.3123094825373549e-05,,1315.0,638.0,677.0,68361,720575940624931888,2.0194984814647654e-05,,1218.0
85463,720575940628082053,0.00017949477477718911,0.0004979948806763113,1273.0,187.0,1086.0,54256,720575940622364854,1.3123094825262527e-05,,1149.0
87106,720575940628360506,1.9174299661472993e-05,,1262.0,243.0,1019.0,56197,720575940622726271,0.0001180349473453024,5.0287120845260436e-05,1136.0
5587,720575940608181122,0.00011871193239598732,0.00031104177794927246,1250.0,427.0,823.0,34300,720575940618308825,2.1944730791201295e-05,,1134.0
54034,720575940622331830,2.084072440122764e-05,8.343573829083795e-05,1217.0,764.0,453.0,41165,720575940620023686,1.8226520590802764e-05,,1129.0
132256,720575940644632087,3.0985085004098245e-05,,1185.0,574.0,611.0,31287,720575940617613398,1.1737879260453887e-05,,1093.0
123103,720575940638128474,6.760824037788105e-05,,1178.0,671.0,507.0,40658,720575940619918203,1.1592067095667069e-05,,1090.0
62094,720575940623788040,4.6034983434806165e-05,,1159.0,671.0,488.0,101042,720575940631023159,0.00025741054651384765,2.3623695116437027e-05,1077.0
89308,720575940628762280,1.0790100189672636e-05,,1145.0,779.0,366.0,31632,720575940617691734,1.1737879260453887e-05,,1073.0
104941,720575940631842360,2.3684061613238327e-05,,1141.0,739.0,402.0,18331,720575940613783277,1.1154630601528659e-05,,1030.0
5671,720575940608235186,3.337015541293731e-05,,1136.0,736.0,400.0,102709,720575940631341788,1.873686316722356e-05,,1024.0
112164,720575940633626337,4.24938308628553e-05,,1102.0,661.0,441.0,106036,720575940632080977,5.59918712547125e-05,,1000.0
116004,720575940635119723,0.00043942578870970195,0.00017801275191375865,1100.0,780.0,320.0,37407,720575940619071005,2.0007512031350316e-05,1.901123981723485e-05,990.0
744,720575940604569824,1.6622586778702875e-05,,1069.0,534.0,535.0,99655,720575940630770042,2.4361046663812225e-05,,984.0
61362,720575940623636957,1.6185150284564465e-05,,1065.0,500.0,565.0,22177,720575940615028143,1.8080708426126968e-05,,979.0
23016,720575940615255603,8.967448130614564e-06,,1054.0,468.0,586.0,37057,720575940618987600,1.0717194107390249e-05,,977.0
71435,720575940625550823,2.3934025324301444e-05,,1051.0,685.0,366.0,136085,720575940652554657,9.69650895432661e-06,,970.0
4862,720575940607635913,1.596643203749526e-05,,1050.0,572.0,478.0,86991,720575940628346634,0.00030364341788635674,0.00033145182097465975,954.0
108699,720575940632689199,0.0019127691844468275,0.0003003342489631411,1047.0,346.0,701.0,91381,720575940629148007,8.384199471800358e-06,,953.0
116253,720575940635188892,7.533281339000553e-05,,1033.0,426.0,607.0,44733,720575940620718040,7.531198308075027e-05,,931.0
19251,720575940614137809,3.237030056912893e-05,,1027.0,268.0,759.0,65686,720575940624402173,5.167999724065009e-05,,927.0
116288,720575940635202204,1.7570365849484126e-05,,999.0,559.0,440.0,62054,720575940623781127,2.3402852438514365e-05,,902.0
116968,720575940635468991,1.8663957084830152e-05,,988.0,216.0,772.0,78235,720575940626872932,4.472267395216889e-05,,894.0
80661,720575940627253604,1.2466940084165934e-05,,981.0,516.0,465.0,27370,720575940616534338,2.0153324196026112e-05,,890.0
127418,720575940640031360,5.124256074651168e-05,,979.0,456.0,523.0,91416,720575940629153020,2.369447676797698e-05,,890.0
39348,720575940619615552,1.640386853163367e-05,,962.0,310.0,652.0,74461,720575940626143806,2.4569349756364822e-05,,866.0
134520,720575940647075619,0.0016408763654296443,0.0016223254781908558,958.0,456.0,502.0,7444,720575940609460491,7.144796071667514e-06,,865.0
14893,720575940612718563,0.00016819433201098466,0.00017794353073619096,952.0,10.0,942.0,106983,720575940632311115,1.8153614508409355e-05,,863.0
33633,720575940618165393,9.842321119002406e-06,,932.0,395.0,537.0,98393,720575940630546540,3.14225214984587e-05,,862.0
114938,720575940634707863,3.4901183142532766e-05,,931.0,542.0,389.0,27447,720575940616551029,1.1810785342847296e-05,,859.0
670,720575940604470240,9.404884624752974e-06,,928.0,487.0,441.0,9243,720575940610505006,1.1154630601417637e-05,,859.0
111977,720575940633572004,1.545608946096344e-05,,915.0,613.0,302.0,120693,720575940637056887,1.1810785342847296e-05,,858.0
7653,720575940609598475,2.2309261203057318e-05,,903.0,598.0,305.0,49326,720575940621529435,7.144796071667514e-06,,848.0
119430,720575940636489140,2.2382167285450727e-05,,898.0,431.0,467.0,68054,720575940624879911,6.167854567906694e-05,,841.0
69562,720575940625146621,0.00011570195270971251,3.3969095920016734e-05,886.0,508.0,378.0,105159,720575940631898711,9.69650895432661e-06,,841.0
73051,720575940625871408,0.0011416155134092998,0.001244080357015398,872.0,443.0,429.0,27140,720575940616463477,8.457105554193767e-06,,839.0
116324,720575940635211768,1.1300442766315477e-05,,869.0,434.0,435.0,40490,720575940619878961,8.602917718869563e-06,,835.0
124323,720575940638668659,8.748729883545359e-06,,866.0,529.0,337.0,10401,720575940611079236,0.00012243014259638585,3.895133328535305e-05,832.0
52941,720575940622143245,1.4799934719755825e-05,,856.0,503.0,353.0,74917,720575940626246525,9.477790707257405e-06,,826.0
60489,720575940623471740,1.9247205743866402e-05,,855.0,589.0,266.0,17877,720575940613631973,2.223635512066391e-05,,826.0
85013,720575940628006808,0.0002825423146196604,0.00021607074031798623,847.0,426.0,421.0,76806,720575940626630693,0.00013720924700688641,3.086432462090505e-05,823.0
61219,720575940623608361,5.4304616205702594e-05,,836.0,444.0,392.0,98170,720575940630502522,9.113260295401382e-06,,823.0
93324,720575940629532777,1.4508310390404233e-05,,833.0,479.0,354.0,80813,720575940627277754,5.3294346207266585e-05,,822.0
78911,720575940626983524,2.114276388520686e-05,,829.0,559.0,270.0,37662,720575940619134789,2.7850123462624943e-05,,819.0
133266,720575940645526308,2.209054295587709e-05,,824.0,559.0,265.0,57663,720575940622997453,8.82163596604979e-06,,807.0
81284,720575940627348617,4.483724065307282e-05,,824.0,587.0,237.0,78870,720575940626977947,1.0498475860321044e-05,,806.0
47107,720575940621129607,2.3392437283886736e-05,,822.0,395.0,427.0,11637,720575940611597102,1.7861990179057763e-05,,806.0
115040,720575940634748385,4.8982472193315196e-05,,819.0,531.0,288.0,13492,720575940612284569,2.077823347346186e-05,,801.0
121577,720575940637464718,8.748729883545359e-06,,817.0,474.0,343.0,115822,720575940635063135,7.873856895268538e-06,,798.0
112013,720575940633583059,0.00012721069856846956,3.542303249964851e-05,813.0,458.0,355.0,53924,720575940622312965,3.1526673044735e-05,,797.0
93061,720575940629486714,1.2498185547937801e-05,,813.0,12.0,801.0,48954,720575940621457690,1.3268906989938323e-05,,791.0
31054,720575940617552340,1.5456089460852418e-05,,813.0,708.0,105.0,16295,720575940613126835,8.384199471800358e-06,,791.0
57674,720575940622998627,8.748729883545359e-06,1.4625177371774267e-05,808.0,325.0,483.0,86118,720575940628200551,1.0935912354570476e-05,,789.0
5695,720575940608252082,2.0809478937455772e-05,,801.0,380.0,421.0,23379,720575940615366055,1.5528995543245827e-05,,783.0
25078,720575940615886534,1.2925206887559604e-05,,801.0,396.0,405.0,3437,720575940606584766,2.5189051456431244e-05,,782.0
79342,720575940627053861,0.0002500053715764894,2.2623256686837845e-05,794.0,523.0,271.0,56024,720575940622696944,0.00012904376578204424,0.0007221150516281138,778.0
47213,720575940621148948,0.00037761184602069786,7.20610858896964e-05,794.0,340.0,454.0,81270,720575940627344740,0.0002899058289382861,0.00023156281262887157,772.0
122380,720575940637792880,6.780265659733775e-05,,788.0,444.0,344.0,59973,720575940623387786,4.11919365350677e-05,,771.0
64382,720575940624181700,0.0001178891351806266,0.0002796993819471072,784.0,419.0,365.0,125528,720575940639172585,0.00020763652256916565,0.0002801081900668523,768.0
56151,720575940622719770,6.335538557322717e-05,,782.0,167.0,615.0,36561,720575940618865112,8.602917718869563e-06,,766.0
91569,720575940629179722,6.9114966079864e-05,,782.0,446.0,336.0,45218,720575940620802836,1.0935912354459454e-05,,761.0
93685,720575940629609457,9.842321119002406e-06,,781.0,365.0,416.0,60819,720575940623528925,1.837233275547856e-05,,760.0
80657,720575940627252798,5.6575119913526706e-05,,776.0,437.0,339.0,101455,720575940631103744,1.7643271931766513e-05,,759.0
58006,720575940623050334,2.136148213238709e-05,,772.0,391.0,381.0,135312,720575940648650884,4.175956246199597e-05,,758.0
90081,720575940628895750,1.983045440268061e-05,,770.0,375.0,395.0,87741,720575940628467611,0.0001034120702543273,3.199900644829112e-05,755.0
51150,720575940621820404,2.3329946356120956e-05,,765.0,375.0,390.0,98096,720575940630487035,9.842321119002406e-06,,750.0
89921,720575940628865644,9.33197854258161e-06,,759.0,331.0,428.0,122606,720575940637902938,0.00035116776843224784,5.5026055052032063e-05,748.0
103543,720575940631517251,9.477790707257405e-06,,755.0,567.0,188.0,127645,720575940640141757,4.297813555287355e-05,,747.0
68965,720575940625033196,3.083927283942245e-05,,745.0,426.0,319.0,66352,720575940624539284,2.2163449038492544e-05,,745.0
38820,720575940619457088,4.5566301476784865e-05,,744.0,415.0,329.0,133449,720575940645693988,0.00014121908153674756,0.0002497550882681332,746.0
111913,720575940633556644,1.4070873896043778e-05,,741.0,542.0,199.0,118371,720575940635983770,1.9028487496797197e-05,,734.0
40247,720575940619822784,1.399796781365037e-05,,740.0,227.0,513.0,97241,720575940630311383,1.2248221836874684e-05,,730.0
122707,720575940637952624,2.1944730791201295e-05,,735.0,425.0,310.0,35405,720575940618574749,1.968464223789379e-05,,729.0
55636,720575940622632831,0.00014308339421431615,0.00018139955907581218,734.0,361.0,373.0,81247,720575940627341736,1.2321127919379116e-05,,725.0
136277,720575940653213174,4.107736983416377e-05,3.3585304992755916e-05,727.0,402.0,325.0,128804,720575940640722851,8.748729883545359e-06,,725.0
129092,720575940640868184,5.161750631288431e-05,,718.0,418.0,300.0,120284,720575940636873791,1.2279467300757574e-05,,720.0
88054,720575940628532623,6.568838020881707e-05,,716.0,385.0,331.0,1896,720575940605601214,1.4070873896043778e-05,,712.0
7855,720575940609722121,8.887251440026223e-05,,716.0,401.0,315.0,132098,720575940644473760,8.165481224731153e-06,,724.0
34608,720575940618385620,3.390132829872439e-05,,713.0,286.0,427.0,121873,720575940637594334,2.2965415944264933e-05,,707.0
53017,720575940622156976,2.6829438309561304e-05,,712.0,429.0,283.0,130044,720575940641812699,8.019669059944334e-06,,706.0
10004,720575940610899666,1.5310277296176622e-05,,703.0,359.0,344.0,28013,720575940616733323,1.16649731781715e-05,,701.0
44054,720575940620609739,1.7424553684697308e-05,,703.0,80.0,623.0,25238,720575940615933919,8.384199471800358e-06,,698.0
11830,720575940611666898,2.802718109118363e-05,,701.0,203.0,498.0,92801,720575940629437054,1.6185150284564465e-05,,697.0
34427,720575940618340057,0.00016392411861532175,4.264219560007332e-05,701.0,171.0,530.0,18949,720575940614026193,6.780265659922513e-06,,696.0
33408,720575940618116569,2.5881659238891075e-05,,698.0,304.0,394.0,126660,720575940639697827,1.0571381942714453e-05,,695.0
74717,720575940626201372,1.8445238837760947e-05,,698.0,299.0,399.0,200,720575940603464672,5.023229074796465e-05,,688.0
67006,720575940624678581,1.1446254931102295e-05,,694.0,248.0,446.0,96896,720575940630247579,2.3548664603301184e-05,,686.0
63524,720575940624038438,4.6586986629959526e-05,,691.0,392.0,299.0,87572,720575940628437291,1.3706343484298777e-05,,686.0
3180,720575940606421606,1.3633437401794346e-05,,691.0,395.0,296.0,67508,720575940624774839,4.5055958900142024e-05,,684.0
127741,720575940640175731,3.0912178921704836e-05,1.9300083645368282e-05,690.0,387.0,303.0,135651,720575940650262393,4.213971560584895e-05,,684.0
39433,720575940619637056,0.00014303131844128902,0.00010524433109065923,688.0,130.0,558.0,34249,720575940618295454,9.363224006353477e-06,,680.0
11056,720575940611372590,3.432834963823517e-05,,687.0,382.0,305.0,32831,720575940617991195,4.0244157464286445e-05,,679.0
100243,720575940630883599,2.2309261203057318e-05,,686.0,426.0,260.0,132117,720575940644496288,2.566294099182187e-05,,675.0
96677,720575940630204155,1.4872840802149234e-05,,681.0,321.0,360.0,36345,720575940618807454,1.0790100189672636e-05,,675.0
105194,720575940631907159,2.9599869439289606e-05,,680.0,264.0,416.0,108741,720575940632698797,7.832196276646997e-06,,674.0
52313,720575940622048862,2.9818587686580855e-05,,680.0,316.0,364.0,37259,720575940619038493,9.113260295401382e-06,,671.0
116724,720575940635362716,2.4715161921040618e-05,,676.0,320.0,356.0,7076,720575940609258850,9.477790707257405e-06,,671.0
115295,720575940634854554,1.596643203749526e-05,,676.0,288.0,388.0,103996,720575940631615545,9.69650895432661e-06,,670.0
69991,720575940625251401,4.393112220091311e-05,,673.0,273.0,400.0,66616,720575940624594154,1.13004427664265e-05,,668.0
60117,720575940623413116,1.3706343484298777e-05,,672.0,280.0,392.0,94607,720575940629805950,1.4508310390293211e-05,,666.0
103458,720575940631501676,3.17870519102037e-05,,668.0,343.0,325.0,96042,720575940630075703,8.019669059944334e-06,,665.0
112400,720575940633706916,1.348762523711855e-05,,668.0,380.0,288.0,64887,720575940624269706,2.646490789770528e-05,,660.0
65167,720575940624313834,1.538318337857003e-05,,665.0,58.0,607.0,11774,720575940611644529,1.3143925134628809e-05,,655.0
67191,720575940624712206,9.040354213007973e-06,,663.0,331.0,332.0,85159,720575940628031249,1.983045440268061e-05,,654.0
85886,720575940628154364,9.623602871933201e-06,,662.0,304.0,358.0,108056,720575940632535756,8.019669059944334e-06,,647.0
23149,720575940615295143,1.6622586778813897e-05,,657.0,458.0,199.0,52800,720575940622122672,0.004079742783642537,3.737602507131177e-05,647.0
119385,720575940636471032,3.266192489859154e-05,,656.0,367.0,289.0,109704,720575940632915281,3.6380135099101096e-05,,645.0
91286,720575940629131772,1.1008818436852863e-05,,655.0,303.0,352.0,36645,720575940618886710,2.7777217380231534e-05,,640.0
56344,720575940622749210,3.0474742427677448e-05,1.679837290169406e-05,654.0,365.0,289.0,19976,720575940614363363,0.00010760937756748579,0.00011787325281870098,639.0
27567,720575940616583490,8.602917718869563e-06,,647.0,237.0,410.0,103641,720575940631536415,1.3268906989938323e-05,,637.0
58142,720575940623072013,2.9235339027544605e-05,,642.0,162.0,480.0,130594,720575940642506459,1.0206851530969452e-05,,637.0
9270,720575940610515651,2.559003490942846e-05,,642.0,173.0,469.0,92915,720575940629461442,0.000133261903404569,9.460744401151855e-05,637.0
93709,720575940629614697,2.704815655663051e-05,,641.0,368.0,273.0,131405,720575940643696288,8.894542048221155e-06,,631.0
120915,720575940637169015,4.111903045267429e-05,,640.0,446.0,194.0,115950,720575940635102745,3.426585871058041e-05,,631.0
58954,720575940623203805,5.272151270296899e-05,,640.0,311.0,329.0,63632,720575940624057853,1.2102409672198888e-05,,629.0
26695,720575940616332354,2.45693497562538e-05,,639.0,356.0,283.0,56577,720575940622791429,5.19750932882479e-05,,626.0
125314,720575940639086399,5.6720932078313524e-05,,638.0,365.0,273.0,59336,720575940623276168,9.69650895432661e-06,,625.0
42573,720575940620320902,1.0717194107390249e-05,,637.0,374.0,263.0,111191,720575940633324627,0.00019505501578431783,2.577053014835018e-05,623.0
40782,720575940619944283,2.2819603779589137e-05,,634.0,368.0,266.0,3662,720575940606696369,9.842321119002406e-06,,621.0
111165,720575940633316895,1.3414719154725141e-05,,633.0,443.0,190.0,21199,720575940614727903,2.573584707421528e-05,,618.0
44542,720575940620689517,2.362157068558357e-05,,632.0,302.0,330.0,47457,720575940621195290,1.0863006272066045e-05,,618.0
18481,720575940613834098,1.3852155648974573e-05,,621.0,371.0,250.0,125460,720575940639152361,7.94676297777297e-06,,617.0
127639,720575940640140341,1.1737879260453887e-05,,619.0,402.0,217.0,22315,720575940615067432,1.5820619872819464e-05,,615.0
34920,720575940618460857,3.87860358170844e-05,,618.0,357.0,261.0,87045,720575940628352850,4.949281476973599e-05,,613.0
51139,720575940621819227,2.2163449038381522e-05,,618.0,340.0,278.0,131160,720575940643312781,1.16649731781715e-05,,604.0
86423,720575940628251146,2.1434388214780498e-05,,617.0,349.0,268.0,7994,720575940609799470,9.769415036608997e-06,,603.0
21102,720575940614707871,1.2394034001661502e-05,,613.0,382.0,231.0,75249,720575940626315010,6.998983906991718e-06,,603.0
50818,720575940621771502,8.602917718869563e-06,,612.0,267.0,345.0,113330,720575940634017453,1.0863006272066045e-05,,601.0
71486,720575940625563623,8.748729883545359e-06,,610.0,251.0,359.0,24570,720575940615723314,9.915227201284793e-06,,601.0
27998,720575940616727090,3.93692844758986e-05,,607.0,346.0,261.0,56776,720575940622831740,2.3402852438625388e-05,,600.0
50177,720575940621665263,1.2758564413517526e-05,,607.0,222.0,385.0,34329,720575940618314897,1.1883691425129683e-05,,598.0
23117,720575940615281361,0.004391602022667418,4.113106531938859e-05,607.0,113.0,494.0,41662,720575940620124143,1.253984616644832e-05,,598.0
136339,720575940653399030,3.8858941899477806e-05,,606.0,345.0,261.0,85746,720575940628132745,1.932011182625981e-05,,596.0
89518,720575940628793621,1.16649731781715e-05,,605.0,362.0,243.0,109807,720575940632943277,1.2685658331235139e-05,,595.0
78223,720575940626869946,2.0194984814647654e-05,,605.0,331.0,274.0,45282,720575940620813989,1.2321127919379116e-05,,592.0
86466,720575940628258577,9.69650895432661e-06,,604.0,347.0,257.0,46616,720575940621047943,1.16649731781715e-05,,591.0
68482,720575940624951847,3.171414582781029e-05,,603.0,230.0,373.0,22674,720575940615160386,8.748729883545359e-06,,588.0
40416,720575940619863125,3.083927283953347e-05,,603.0,128.0,475.0,125301,720575940639080765,7.144796071667514e-06,,587.0
47543,720575940621213556,9.404884624752974e-06,,602.0,298.0,304.0,57682,720575940622999688,8.165481224731153e-06,,587.0
122908,720575940638051696,9.113260295401382e-06,,601.0,340.0,261.0,135282,720575940648570244,1.6112244202282078e-05,,587.0
52809,720575940622123981,9.2590724601882e-06,,600.0,210.0,390.0,108074,720575940632539788,1.0498475860321044e-05,,584.0
15284,720575940612840982,4.4618522406114636e-05,,600.0,311.0,289.0,114773,720575940634646753,4.7899296112374756e-05,,584.0
33564,720575940618153105,1.9611736155611403e-05,,598.0,130.0,468.0,133052,720575940645304430,8.925787512215066e-06,,584.0
1768,720575940605489632,1.2248221836874684e-05,,596.0,318.0,278.0,84663,720575940627946261,1.4289592143112984e-05,,583.0
18972,720575940614035683,1.8955581414403788e-05,,596.0,338.0,258.0,22851,720575940615212851,9.915227201284793e-06,,583.0
17559,720575940613531365,1.0206851530969452e-05,,593.0,355.0,238.0,29745,720575940617207185,1.0935912354570476e-05,,582.0
3439,720575940606585190,6.918787216236844e-05,,592.0,356.0,236.0,55877,720575940622673860,1.16649731781715e-05,,581.0
20008,720575940614374034,2.4923465013593216e-05,,590.0,207.0,383.0,62747,720575940623905719,8.019669060055357e-06,,581.0
10436,720575940611090244,1.3341813072331732e-05,,589.0,133.0,456.0,31516,720575940617668747,9.113260295512404e-06,,580.0
125450,720575940639149033,1.880976924961697e-05,,585.0,311.0,274.0,98416,720575940630549370,5.10342576540701e-05,,579.0
128960,720575940640788725,3.149542758074109e-05,,584.0,250.0,334.0,60058,720575940623401693,4.403527374718941e-05,,577.0
102703,720575940631340815,2.3548664603301184e-05,,583.0,241.0,342.0,3795,720575940606762686,7.363514318736719e-06,,576.0
109391,720575940632835688,3.572398035789348e-05,,582.0,210.0,372.0,104312,720575940631683927,8.530011636476154e-06,,572.0
44774,720575940620723126,1.5893525955212873e-05,,582.0,398.0,184.0,65392,720575940624349993,9.113260295401382e-06,,571.0
48606,720575940621398254,1.5528995543245827e-05,,582.0,297.0,285.0,130223,720575940642086389,1.501865296682503e-05,,571.0
74720,720575940626201933,2.2746697697195728e-05,,578.0,331.0,247.0,4271,720575940607155890,1.16649731781715e-05,,569.0
67595,720575940624793863,1.97575483202872e-05,,578.0,331.0,247.0,34387,720575940618330041,1.0498475860321044e-05,,567.0
3473,720575940606608230,1.1300442766315477e-05,,577.0,284.0,293.0,65654,720575940624395528,1.1446254931102295e-05,,565.0
113010,720575940633901395,9.477790707257405e-06,,572.0,316.0,256.0,96375,720575940630146871,2.645449274307765e-05,,565.0
134004,720575940646364014,4.053578179363804e-05,,572.0,185.0,387.0,112988,720575940633893401,9.33197854258161e-06,,564.0
105854,720575940632042148,1.7132929355345716e-05,,568.0,323.0,245.0,31601,720575940617684107,1.1446254931102295e-05,,563.0
53199,720575940622193012,1.2758564413517526e-05,,565.0,427.0,138.0,71915,720575940625656980,1.603933811988867e-05,,562.0
91571,720575940629179900,9.477790707257405e-06,,565.0,294.0,271.0,87674,720575940628455942,2.6610720062270055e-05,,561.0
14840,720575940612700017,1.3560531319622982e-05,,562.0,424.0,138.0,99036,720575940630665580,1.0186021221714192e-05,,560.0
17273,720575940613449256,1.8736863167445605e-05,,561.0,346.0,215.0,87008,720575940628348265,1.0571381942714453e-05,,559.0
21341,720575940614765777,1.0061039366182634e-05,,557.0,311.0,246.0,42575,720575940620321728,1.875769347647882e-05,,557.0
49405,720575940621544943,2.9745681604076424e-05,,556.0,297.0,259.0,19452,720575940614207894,9.550696789539792e-06,,555.0
86046,720575940628185743,2.9329075419193273e-05,,554.0,340.0,214.0,43956,720575940620595053,8.894542048221155e-06,,554.0
23087,720575940615271377,1.1519161013384682e-05,,553.0,329.0,224.0,64211,720575940624155672,4.491014673546623e-05,,553.0
136402,720575940653577974,1.5091559049107417e-05,,552.0,33.0,519.0,11012,720575940611352014,2.1069857802813452e-05,,550.0
32194,720575940617838009,1.3196000907766958e-05,,551.0,356.0,195.0,40558,720575940619896711,9.186166377683769e-06,0.00014179764636457204,550.0
11163,720575940611414514,1.4070873896043778e-05,,551.0,402.0,149.0,51197,720575940621828443,8.019669060055357e-06,,550.0
94342,720575940629752655,1.9976266567467427e-05,,550.0,343.0,207.0,124207,720575940638624189,1.2498185547937801e-05,1.226393830067174e-05,550.0
110670,720575940633192751,2.2455073367844136e-05,,550.0,316.0,234.0,96131,720575940630097103,7.655138648088311e-06,,546.0
42612,720575940620330545,9.769415036608997e-06,,548.0,183.0,365.0,60479,720575940623468691,1.0206851530747407e-05,1.0935232917896887e-05,545.0
120560,720575940636992368,8.82163596604979e-06,,546.0,424.0,122.0,39336,720575940619612142,3.8275693240441555e-05,,543.0
17684,720575940613579237,1.013394544846502e-05,,546.0,269.0,277.0,14541,720575940612612094,3.288064314577177e-05,,543.0
3097,720575940606354633,1.210240967230991e-05,,545.0,330.0,215.0,96086,720575940630086698,1.013394544846502e-05,,541.0
79084,720575940627015196,8.748729883545359e-06,,544.0,397.0,147.0,58550,720575940623139610,9.623602871933201e-06,,540.0
121053,720575940637232014,1.4727028637362416e-05,,544.0,188.0,356.0,48340,720575940621354260,1.589352595510185e-05,,537.0
84860,720575940627980968,6.998983906991718e-06,,543.0,182.0,361.0,88954,720575940628695043,9.550696789539792e-06,,536.0
127590,720575940640117301,9.915227201395815e-06,,543.0,278.0,265.0,51782,720575940621947302,1.399796781365037e-05,,554.0
7374,720575940609414409,1.0352663695534225e-05,,543.0,270.0,273.0,96874,720575940630243804,2.653781398009869e-05,,532.0
124726,720575940638848346,9.186166377905813e-06,,542.0,289.0,253.0,121967,720575940637628762,1.2013880857808523e-05,,530.0
47122,720575940621132894,8.384199471800358e-06,,541.0,221.0,320.0,125703,720575940639242303,1.1519161013384682e-05,,530.0
104865,720575940631821911,9.769415036608997e-06,,541.0,276.0,265.0,45872,720575940620918789,9.842321119002406e-06,,529.0
17089,720575940613399781,2.6537813980209712e-05,,540.0,395.0,145.0,132090,720575940644465568,1.0790100189672636e-05,,529.0
117999,720575940635844762,1.93930179085422e-05,,539.0,205.0,334.0,36442,720575940618835995,8.384199471800358e-06,,528.0
35380,720575940618570525,1.786199017894674e-05,,539.0,296.0,243.0,105567,720575940631982952,8.165481224731153e-06,,526.0
89578,720575940628802888,9.915227201284793e-06,,538.0,363.0,175.0,49897,720575940621619627,0.0005263819146590354,0.0001078238447163038,524.0
104416,720575940631706107,1.7060023272952307e-05,,538.0,269.0,269.0,27644,720575940616608454,9.769415036608997e-06,,524.0
64400,720575940624185129,1.6112244202282078e-05,,537.0,336.0,201.0,101715,720575940631153194,1.0935912354570476e-05,,522.0
110966,720575940633256140,1.0279757613251839e-05,,537.0,298.0,239.0,3743,720575940606739390,1.0498475860321044e-05,,522.0
128095,720575940640333109,8.748729883545359e-06,,536.0,220.0,316.0,45695,720575940620889936,8.748729883545359e-06,,521.0
125772,720575940639278399,1.2248221836985707e-05,,536.0,383.0,153.0,26175,720575940616182155,1.1883691425129683e-05,,520.0
12013,720575940611738035,4.253549148147684e-05,,535.0,204.0,331.0,104035,720575940631620951,2.4131913262004367e-05,,518.0
16314,720575940613135077,1.3341813072442754e-05,,535.0,282.0,253.0,73702,720575940625992781,3.0349760572256912e-05,,517.0
84541,720575940627927573,8.530011636476154e-06,,535.0,269.0,266.0,114118,720575940634356587,9.477790707257405e-06,,517.0
85962,720575940628169219,1.1519161013384682e-05,,534.0,355.0,179.0,34166,720575940618277184,7.144796071667514e-06,,516.0
55255,720575940622557168,1.1592067095778091e-05,,534.0,284.0,250.0,95575,720575940629981440,9.186166377683769e-06,,516.0
17038,720575940613382041,2.799593562741176e-05,,532.0,283.0,249.0,36715,720575940618902488,1.0279757613140816e-05,,516.0
100713,720575940630966016,9.113260295401382e-06,,532.0,369.0,163.0,69323,720575940625096240,1.064428802499684e-05,,516.0
3646,720575940606685129,1.100881843674184e-05,,532.0,397.0,135.0,18939,720575940614019379,8.748729883545359e-06,,516.0
105184,720575940631903819,3.2880643145549726e-05,,530.0,299.0,231.0,21208,720575940614730914,9.550696789539792e-06,,515.0
17623,720575940613552947,1.9174299661472993e-05,,530.0,171.0,359.0,104221,720575940631659461,1.2539846166559343e-05,,513.0
69996,720575940625253193,1.4799934719755825e-05,,530.0,214.0,316.0,107439,720575940632404555,1.2831470495910935e-05,,513.0
48845,720575940621440859,9.186166377905813e-06,,529.0,79.0,450.0,38637,720575940619411147,1.2102409672198888e-05,,512.0
56541,720575940622786380,1.4654122555080029e-05,,529.0,301.0,228.0,14522,720575940612603289,9.550696789539792e-06,,510.0
124519,720575940638753508,1.684130502577208e-05,,528.0,375.0,153.0,78332,720575940626887198,1.2029503590027524e-05,,510.0
91905,720575940629249783,8.044665431006237e-05,,528.0,320.0,208.0,20297,720575940614465517,8.821635965827745e-06,,509.0
132351,720575940644702112,4.746185961834737e-05,,527.0,91.0,436.0,20375,720575940614492397,9.69650895432661e-06,,508.0
48692,720575940621413541,4.651408054756612e-05,,527.0,299.0,228.0,73279,720575940625912871,8.602917718869563e-06,,508.0
111275,720575940633350812,1.2175315754592297e-05,,525.0,293.0,232.0,95793,720575940630024566,8.821635966160812e-06,,507.0
3819,720575940606775486,1.0790100189672636e-05,,521.0,288.0,233.0,99331,720575940630715203,5.6741762387568784e-05,,506.0
131938,720575940644306592,2.3038322026769364e-05,,519.0,208.0,311.0,41803,720575940620153765,1.443540430778878e-05,,504.0
12330,720575940611854712,8.194122899851664e-05,,519.0,319.0,200.0,89179,720575940628739560,9.186166377905813e-06,,504.0
95444,720575940629957943,9.113260295512404e-06,,516.0,243.0,273.0,121710,720575940637526190,1.1154630601750704e-05,,504.0
120050,720575940636762479,2.4277725426902208e-05,,514.0,300.0,214.0,119938,720575940636704357,9.477790707257405e-06,,502.0
65310,720575940624336647,2.537131666213721e-05,,513.0,181.0,332.0,110657,720575940633190847,1.4143779978437188e-05,,501.0
105862,720575940632043576,8.748729883545359e-06,,513.0,381.0,132.0,132680,720575940644968302,1.0279757613251839e-05,1.5138855218033154e-05,501.0
129715,720575940641464309,2.748559305076892e-05,6.490450551593918e-05,513.0,278.0,235.0,41305,720575940620047877,9.11326029529036e-06,,500.0
21910,720575940614941992,9.988133283678202e-06,,512.0,342.0,170.0,18489,720575940613838289,7.582232565694902e-06,,500.0
118498,720575940636047608,3.273483098087393e-05,,512.0,302.0,210.0,124230,720575940638633535,1.0061039366293656e-05,,499.0
8270,720575940609959637,8.99661056358303e-05,,511.0,421.0,90.0,115835,720575940635066975,7.467665864790973e-06,,498.0
131141,720575940643289997,1.0352663695645248e-05,,510.0,263.0,247.0,597,720575940604352172,2.3319531201493326e-05,,498.0
94617,720575940629808795,3.266192489859154e-05,,509.0,269.0,240.0,112725,720575940633806637,1.0206851530747407e-05,,498.0
125370,720575940639114815,1.1081724519246272e-05,,509.0,255.0,254.0,106991,720575940632312907,8.967448130614564e-06,,496.0
38806,720575940619453861,9.404884624752974e-06,,509.0,234.0,275.0,96076,720575940630085583,1.363343740201639e-05,,495.0
60507,720575940623475324,2.6319095733029485e-05,,508.0,78.0,430.0,113417,720575940634061779,1.064428802499684e-05,,494.0
33744,720575940618189227,9.550696789539792e-06,,507.0,179.0,328.0,106383,720575940632167085,7.363514318736719e-06,,494.0
116644,720575940635330204,1.0498475860321044e-05,,507.0,278.0,229.0,109510,720575940632868051,1.2321127919490138e-05,,492.0
29010,720575940616996364,9.331978542470587e-06,,506.0,287.0,219.0,5386,720575940608037298,1.1112969983129162e-05,,491.0
44373,720575940620664496,1.0061039365960589e-05,,505.0,225.0,280.0,16532,720575940613203119,1.691421110827651e-05,,490.0
85315,720575940628059261,1.100881843674184e-05,,505.0,225.0,280.0,102360,720575940631275050,2.4131913262004367e-05,,490.0
5745,720575940608287497,1.2685658331235139e-05,,505.0,169.0,336.0,135306,720575940648646532,1.7205835437628103e-05,,490.0
51655,720575940621921901,8.748729883545359e-06,,504.0,348.0,156.0,15011,720575940612752611,1.1592067095778091e-05,,490.0
41858,720575940620165541,9.33197854258161e-06,,500.0,337.0,163.0,120513,720575940636972400,8.530011636476154e-06,,489.0
110378,720575940633117580,4.393112220091311e-05,,499.0,192.0,307.0,57694,720575940623001480,8.457105554193767e-06,,489.0
84471,720575940627916062,4.162937302920611e-05,,499.0,255.0,244.0,131824,720575940644176164,9.113260295401382e-06,,486.0
20402,720575940614506663,3.75987081900897e-05,,499.0,181.0,318.0,97641,720575940630396022,9.113260295512404e-06,,483.0
89522,720575940628793982,2.3392437283886736e-05,,498.0,187.0,311.0,124870,720575940638910040,9.842321119002406e-06,,483.0
50467,720575940621713502,9.842321119002406e-06,,498.0,261.0,237.0,89875,720575940628857210,1.1008818436852863e-05,,482.0
33189,720575940618069563,3.17870519102037e-05,,497.0,288.0,209.0,72591,720575940625784153,1.1477500394874163e-05,,482.0
44552,720575940620690804,1.0061039365960589e-05,,497.0,148.0,349.0,135041,720575940647935028,1.3196000907655936e-05,,481.0
39072,720575940619544779,1.2352373383262005e-05,,497.0,189.0,308.0,32574,720575940617932368,8.748729883545359e-06,,480.0
119143,720575940636344824,1.5237371214005258e-05,,495.0,101.0,394.0,16164,720575940613087218,9.477790707257405e-06,,478.0
115032,720575940634743999,8.384199471800358e-06,,495.0,218.0,277.0,88671,720575940628642320,1.2466940084054912e-05,,477.0
104260,720575940631670103,1.9903360485074018e-05,,495.0,301.0,194.0,25805,720575940616079035,1.0675533488990752e-05,,476.0
17533,720575940613526937,9.769415036608997e-06,,494.0,312.0,182.0,79257,720575940627042064,8.019669059944334e-06,,476.0
135311,720575940648650116,1.2977282660586731e-05,,494.0,259.0,235.0,23463,720575940615391638,9.69650895432661e-06,,475.0
48613,720575940621398721,8.967448130614564e-06,,494.0,270.0,224.0,40550,720575940619895125,1.1519161013384682e-05,,475.0
127091,720575940639887413,9.550696789539792e-06,8.810745091791805e-06,494.0,261.0,233.0,12058,720575940611755157,7.509326483412515e-06,,474.0
63390,720575940624017357,1.1154630601528659e-05,,494.0,272.0,222.0,79104,720575940627016766,8.748729883545359e-06,,473.0
63392,720575940624017800,9.988133283678202e-06,,494.0,314.0,180.0,119358,720575940636454136,1.363343740201639e-05,,473.0
46643,720575940621052848,9.11326029529036e-06,,493.0,272.0,221.0,54287,720575940622368792,9.186166377683769e-06,,472.0
7306,720575940609375580,1.1227536683811046e-05,,493.0,180.0,313.0,129249,720575940640978048,8.748729883545359e-06,,472.0
7752,720575940609659331,9.988133283789224e-06,,492.0,241.0,251.0,129736,720575940641486032,1.633096244924026e-05,,472.0
22422,720575940615092882,1.8226520590802764e-05,,492.0,270.0,222.0,61073,720575940623579063,9.113260295401382e-06,,471.0
23975,720575940615541810,5.794992032392976e-05,,490.0,233.0,257.0,32059,720575940617809181,1.0352663695534225e-05,,470.0
95009,720575940629881964,1.9174299661472993e-05,,489.0,295.0,194.0,77577,720575940626768442,2.022623027841952e-05,,469.0
102794,720575940631362553,8.821635965827745e-06,,487.0,257.0,230.0,63836,720575940624094973,1.4289592143112984e-05,,468.0
78069,720575940626848275,9.477790707257405e-06,,486.0,302.0,184.0,896,720575940604737708,1.8080708426126968e-05,,468.0
68669,720575940624986407,2.230926120316834e-05,,486.0,290.0,196.0,55350,720575940622579967,1.4216686060719574e-05,,467.0
50856,720575940621777903,1.363343740201639e-05,,486.0,273.0,213.0,136911,720575940656090017,8.019669060055357e-06,,467.0
22124,720575940615013939,6.284504299669535e-05,,484.0,280.0,204.0,42462,720575940620300308,9.842321119002406e-06,,464.0
124775,720575940638874182,1.202950358980548e-05,,483.0,392.0,91.0,5001,720575940607761244,8.16548122462013e-06,,464.0
127993,720575940640291125,8.967448130614564e-06,,483.0,260.0,223.0,120175,720575940636821616,7.728044730592742e-06,,464.0
11403,720575940611505102,1.151916101327366e-05,,482.0,201.0,281.0,94088,720575940629701484,3.572398035789348e-05,,464.0
5464,720575940608089522,2.136148213238709e-05,,480.0,113.0,367.0,115736,720575940635028591,9.761082912917995e-05,1.3317825482639378e-05,464.0
70980,720575940625455247,4.6149550135710093e-05,,480.0,175.0,305.0,90681,720575940629009513,7.655138648088311e-06,,464.0
129211,720575940640942837,1.1800370188219667e-05,,480.0,102.0,378.0,125456,720575940639151694,8.019669059944334e-06,,461.0
70790,720575940625419495,1.1987842971405982e-05,,479.0,121.0,358.0,137424,720575940661089921,0.0006358868503681947,8.277271539564035e-05,461.0
73765,720575940626003130,1.1956597507523092e-05,,477.0,101.0,376.0,99675,720575940630773560,1.5383183378681053e-05,,461.0
50703,720575940621754989,1.6258056366957874e-05,,477.0,291.0,186.0,5752,720575940608293129,1.363343740201639e-05,,460.0
71766,720575940625626348,8.67582380115195e-06,,477.0,297.0,180.0,118330,720575940635967886,9.33197854258161e-06,,459.0
59409,720575940623289420,1.3925061731367983e-05,,476.0,290.0,186.0,77380,720575940626730883,9.842321119113429e-06,,459.0
70519,720575940625363947,8.238387307124562e-06,,476.0,173.0,303.0,95700,720575940630006636,1.2893961423787736e-05,,455.0
1431,720575940605214636,9.404884624863996e-06,,475.0,260.0,215.0,79720,720575940627110824,3.437001025685671e-05,,452.0
81812,720575940627439592,2.124691543148316e-05,,475.0,184.0,291.0,105306,720575940631930828,1.016519091234791e-05,,451.0
36820,720575940618932603,8.67582380115195e-06,,473.0,67.0,406.0,42003,720575940620196929,1.1154630601528659e-05,,451.0
11812,720575940611659443,2.8068841709694148e-05,,473.0,280.0,193.0,14142,720575940612488341,1.6039338119777646e-05,,450.0
49812,720575940621607334,1.3123094825262527e-05,,473.0,243.0,230.0,137113,720575940659799937,8.165481224731153e-06,,449.0
111601,720575940633450956,2.092404563824868e-05,,472.0,297.0,175.0,78569,720575940626928521,8.019669059944334e-06,,448.0
64364,720575940624179455,1.064428802499684e-05,,472.0,257.0,215.0,115384,720575940634894943,9.477790707257405e-06,,448.0
8266,720575940609957315,1.0498475860321044e-05,,472.0,289.0,183.0,38818,720575940619456728,7.144796071667514e-06,,448.0
66348,720575940624538599,1.7716178014381967e-05,,472.0,169.0,303.0,68519,720575940624959496,0.000702507386915685,1.1186937171780986e-05,447.0
70800,720575940625421320,1.1008818436852863e-05,,471.0,272.0,199.0,115961,720575940635106202,1.0935912354570476e-05,,447.0
55117,720575940622525168,1.0863006272066045e-05,,470.0,339.0,131.0,135396,720575940649045369,6.998983906991718e-06,,446.0
73641,720575940625980403,1.2539846166559343e-05,,468.0,241.0,227.0,46850,720575940621088500,1.0571381942714453e-05,,445.0
118783,720575940636167416,1.0717194107390249e-05,,467.0,244.0,223.0,134634,720575940647228468,1.5893525955212873e-05,,445.0
64394,720575940624184764,7.946762977550925e-06,,466.0,130.0,336.0,85830,720575940628143376,8.748729883545359e-06,,444.0
3810,720575940606769854,8.457105554193767e-06,,466.0,69.0,397.0,6643,720575940608970197,1.4102119359815646e-05,,443.0
87827,720575940628485596,9.915227201284793e-06,,465.0,339.0,126.0,29269,720575940617064716,2.7704311297838125e-05,,442.0
25171,720575940615912415,1.8955581414403788e-05,,464.0,171.0,293.0,85689,720575940628120744,9.113260295401382e-06,,441.0
57242,720575940622923923,8.602917718869563e-06,,461.0,122.0,339.0,100420,720575940630914245,9.339269150687723e-05,6.757224256909167e-05,441.0
82423,720575940627545219,1.013394544846502e-05,,461.0,291.0,170.0,128908,720575940640763507,1.596643203749526e-05,,440.0
130887,720575940642916237,1.88826753321214e-05,,461.0,268.0,193.0,9718,720575940610739918,1.0498475860321044e-05,,440.0
120406,720575940636922999,1.0571381942714453e-05,,460.0,223.0,237.0,75903,720575940626445852,9.842321119002406e-06,,440.0
116221,720575940635179359,1.5164465131500826e-05,,459.0,157.0,302.0,100425,720575940630914858,3.718210200498451e-05,,440.0
29978,720575940617277145,9.331978542470587e-06,,459.0,319.0,140.0,47588,720575940621225313,9.113260295401382e-06,,439.0
60386,720575940623455239,1.2758564413517526e-05,,458.0,266.0,192.0,77892,720575940626818085,1.3050188743091162e-05,,439.0
18415,720575940613808638,9.69650895432661e-06,,458.0,174.0,284.0,13680,720575940612337331,8.384199471800358e-06,,437.0
129474,720575940641220853,9.33197854258161e-06,,458.0,242.0,216.0,129434,720575940641173632,1.0717194107390249e-05,,437.0
405,720575940603952608,9.11326029529036e-06,,457.0,272.0,185.0,97139,720575940630291671,1.3268906989938323e-05,,436.0
49430,720575940621548108,1.5310277296176622e-05,,457.0,70.0,387.0,113267,720575940633992147,2.3038322026658342e-05,,435.0
133349,720575940645601572,3.94734360221749e-05,,456.0,178.0,278.0,5597,720575940608185730,1.0571381942714453e-05,,435.0
43706,720575940620553094,2.114276388509584e-05,,456.0,226.0,230.0,17686,720575940613579943,1.1300442766315477e-05,,435.0
105190,720575940631906123,9.915227201395815e-06,,456.0,233.0,223.0,53139,720575940622183194,8.748729883545359e-06,,433.0
44948,720575940620750795,2.5329656043848736e-05,,455.0,233.0,222.0,80037,720575940627160322,9.581942253422682e-06,,433.0
115909,720575940635089689,9.113260295512404e-06,,452.0,317.0,135.0,44694,720575940620711334,1.020685153085843e-05,,433.0
71340,720575940625527020,1.0498475860321044e-05,,452.0,316.0,136.0,77002,720575940626663953,2.6537813980209712e-05,,431.0
20829,720575940614635175,2.315288872756227e-05,,451.0,237.0,214.0,72568,720575940625779642,1.0935912354459454e-05,,431.0
30626,720575940617444130,1.1154630601417637e-05,,450.0,251.0,199.0,92246,720575940629327659,1.2321127919379116e-05,,430.0
37243,720575940619035003,1.064428802499684e-05,,449.0,295.0,154.0,42581,720575940620322497,9.842321119002406e-06,,430.0
5853,720575940608353714,9.113260295401382e-06,,449.0,238.0,211.0,131436,720575940643740872,2.8652090368508354e-05,,430.0
100463,720575940630921027,9.33197854258161e-06,,449.0,160.0,289.0,32136,720575940617825620,1.0352663695534225e-05,,429.0
40345,720575940619845169,1.202950358980548e-05,,449.0,295.0,154.0,98905,720575940630643275,1.0717194107390249e-05,,429.0
68293,720575940624919881,3.149542758074109e-05,,447.0,237.0,210.0,41337,720575940620054694,1.0571381942714453e-05,,429.0
68585,720575940624972523,3.324517355740575e-05,,447.0,143.0,304.0,96325,720575940630135084,1.6185150284564465e-05,,428.0
105708,720575940632008109,1.1154630601750704e-05,,446.0,315.0,131.0,108535,720575940632650271,8.821635965827745e-06,,428.0
10557,720575940611139733,9.477790707257405e-06,,446.0,309.0,137.0,83026,720575940627665545,9.550696789539792e-06,,427.0
7947,720575940609774091,1.4508310390293211e-05,1.37336839798885e-05,445.0,229.0,216.0,18908,720575940614009553,1.020685153085843e-05,,427.0
131142,720575940643290272,1.0206851530969452e-05,,443.0,218.0,225.0,122903,720575940638049136,9.988133283678202e-06,,426.0
132252,720575940644627872,1.1227536683922068e-05,,442.0,274.0,168.0,76411,720575940626555440,8.748729883545359e-06,,425.0
3498,720575940606621374,1.4727028637362416e-05,,442.0,234.0,208.0,66040,720575940624472334,8.748729883545359e-06,,425.0
51148,720575940621820001,1.8226520590802764e-05,,442.0,237.0,205.0,104415,720575940631706105,2.025747574219139e-05,,424.0
25465,720575940615989298,9.550696789539792e-06,,442.0,156.0,286.0,94880,720575940629859115,8.384199471800358e-06,,423.0
118097,720575940635878079,5.3294346207266585e-05,,442.0,241.0,201.0,69505,720575940625132797,1.0717194107390249e-05,,422.0
65361,720575940624346760,2.799593562741176e-05,,442.0,188.0,254.0,49689,720575940621589887,1.0935912354570476e-05,,421.0
113513,720575940634109154,1.0935912354459454e-05,,440.0,293.0,147.0,22420,720575940615092019,1.5091559049107417e-05,,420.0
98913,720575940630644439,2.2965415944264933e-05,,440.0,260.0,180.0,136975,720575940658655873,1.0206851530969452e-05,,419.0
93568,720575940629584887,6.160563959656251e-05,,439.0,178.0,261.0,20682,720575940614595582,8.384199471800358e-06,,419.0
15511,720575940612903793,7.728044730592742e-06,,439.0,146.0,293.0,135982,720575940651986166,8.019669059944334e-06,,419.0
16494,720575940613191391,1.7205835437628103e-05,,438.0,286.0,152.0,31569,720575940617678566,8.092575142448766e-06,,419.0
119063,720575940636307448,9.04035421289695e-06,,437.0,229.0,208.0,7853,720575940609721464,9.842321119002406e-06,,419.0
27270,720575940616501826,3.3099361392729953e-05,,436.0,237.0,199.0,48998,720575940621467819,1.0935912354459454e-05,,417.0
87600,720575940628442628,1.7643271931766513e-05,,436.0,291.0,145.0,54000,720575940622324991,1.436249822539537e-05,,417.0
136369,720575940653479414,2.2455073367844136e-05,,435.0,278.0,157.0,640,720575940604431584,8.165481224731153e-06,,417.0
121659,720575940637506281,0.00022602968563389947,8.187886806509947e-06,434.0,221.0,213.0,77080,720575940626675837,1.684130502577208e-05,,417.0
104534,720575940631732311,5.0451008995144875e-05,,433.0,283.0,150.0,22686,720575940615166111,1.064428802499684e-05,,416.0
112214,720575940633645732,1.4435404307899802e-05,,433.0,237.0,196.0,31984,720575940617787963,9.477790707257405e-06,,415.0
126496,720575940639631686,1.5237371213783213e-05,,433.0,287.0,146.0,92386,720575940629358321,1.8663957084830152e-05,,414.0
75140,720575940626293534,8.967448130614564e-06,,433.0,284.0,149.0,64907,720575940624273919,1.064428802499684e-05,,414.0
79430,720575940627068772,8.384199471800358e-06,,433.0,230.0,203.0,42271,720575940620252075,2.7412686968486533e-05,,414.0
114484,720575940634526059,8.384199471800358e-06,,432.0,225.0,207.0,120572,720575940636999280,9.113260295401382e-06,,414.0
115139,720575940634790648,1.305018874298014e-05,,431.0,159.0,272.0,118076,720575940635870831,1.2248221836874684e-05,,412.0
20217,720575940614435178,9.550696789539792e-06,,430.0,211.0,219.0,82948,720575940627652358,8.748729883545359e-06,,412.0
86993,720575940628346706,9.331978542470587e-06,,429.0,213.0,216.0,1124,720575940604954289,2.2746697697195728e-05,,412.0
95602,720575940629985910,1.064428802499684e-05,,429.0,312.0,117.0,17989,720575940613668266,1.735164760241492e-05,,411.0
101232,720575940631062543,8.894542048332177e-06,,429.0,229.0,200.0,133311,720575940645564183,0.00011939933260118885,1.178499073811734e-05,410.0
20152,720575940614416746,1.210240967230991e-05,,428.0,242.0,186.0,109587,720575940632888633,2.9547793666151456e-05,,409.0
96895,720575940630247418,8.482101925177954e-05,,428.0,105.0,323.0,107745,720575940632464146,9.040354213007973e-06,,409.0
111828,720575940633529548,8.384199471800358e-06,,427.0,215.0,212.0,123298,720575940638204132,1.6112244202282078e-05,,409.0
130706,720575940642624475,2.9672775521571992e-05,,426.0,260.0,166.0,35299,720575940618551481,1.0571381942714453e-05,,406.0
15627,720575940612932757,9.915227201395815e-06,,425.0,291.0,134.0,37237,720575940619031837,1.3123094825262527e-05,,406.0
94859,720575940629855787,1.0352663695645248e-05,,424.0,225.0,199.0,54947,720575940622495401,2.981858768624779e-05,,405.0
95649,720575940629996794,9.988133283678202e-06,,424.0,212.0,212.0,137085,720575940659611777,8.82163596604979e-06,,404.0
99341,720575940630716716,3.43387647928628e-05,,423.0,61.0,362.0,18416,720575940613809071,8.821635965827745e-06,,403.0
116441,720575940635248279,1.16649731781715e-05,,423.0,232.0,191.0,87935,720575940628508657,9.186166377905813e-06,,403.0
134622,720575940647207044,2.172601254413209e-05,,422.0,149.0,273.0,114637,720575940634601067,4.870126301848021e-05,,403.0
106161,720575940632106959,9.69650895432661e-06,,421.0,270.0,151.0,35825,720575940618681709,9.842321119002406e-06,,403.0
12489,720575940611913682,9.186166377683769e-06,,421.0,206.0,215.0,16825,720575940613302169,0.00015332149120894645,6.27277941252502e-05,403.0
30239,720575940617337461,2.0851139555744247e-05,,421.0,197.0,224.0,124776,720575940638874202,5.143003352958697e-05,,403.0
81034,720575940627307522,7.80095081287513e-06,,421.0,143.0,278.0,44523,720575940620686964,1.1737879260453887e-05,,403.0
73905,720575940626027672,1.253984616644832e-05,,420.0,245.0,175.0,51054,720575940621806574,1.1008818436852863e-05,,402.0
131561,720575940643863496,2.6975250474348123e-05,,419.0,94.0,325.0,23635,720575940615438495,7.173958504502753e-05,,402.0
88533,720575940628618824,8.748729883545359e-06,,419.0,238.0,181.0,101993,720575940631207388,0.0003555664354014665,8.825687406949223e-05,402.0
71785,720575940625629332,9.113260295401382e-06,,419.0,178.0,241.0,1328,720575940605119776,1.399796781365037e-05,,400.0
51143,720575940621819630,1.0571381942714453e-05,,419.0,154.0,265.0,111141,720575940633310801,0.00012615356037404268,2.238636280066375e-05,400.0
121191,720575940637291639,1.064428802499684e-05,,418.0,278.0,140.0,98728,720575940630607738,1.0498475860321044e-05,,399.0
8420,720575940610056149,1.2977282660586731e-05,,417.0,219.0,198.0,124216,720575940638627038,1.0425569778038657e-05,,399.0
97002,720575940630266983,2.2595677955261628e-05,,415.0,257.0,158.0,80367,720575940627206842,9.113260295512404e-06,,398.0
45,720575940601712649,8.384199471800358e-06,,414.0,329.0,85.0,27492,720575940616566133,3.0797612221133974e-05,,398.0
813,720575940604653484,1.9101393579079584e-05,,414.0,189.0,225.0,61581,720575940623682195,2.267379161491334e-05,,398.0
52660,720575940622102710,9.842321119002406e-06,,413.0,217.0,196.0,22225,720575940615043222,1.2394034001661502e-05,,398.0
80883,720575940627286530,8.748729883545359e-06,,412.0,218.0,194.0,122734,720575940637966682,7.873856895157516e-06,,397.0
84328,720575940627891081,1.356053131951196e-05,,411.0,222.0,189.0,5494,720575940608120587,1.0206851530747407e-05,,397.0
17648,720575940613560994,6.789639298909744e-05,,411.0,248.0,163.0,116786,720575940635385440,5.6221004656409335e-05,,397.0
82875,720575940627638037,9.404884624863996e-06,,411.0,218.0,193.0,65737,720575940624411283,2.542339243527536e-05,,397.0
120544,720575940636988535,5.825195980790898e-05,,411.0,236.0,175.0,137433,720575940661114753,8.748729883545359e-06,,397.0
13917,720575940612418510,2.172601254413209e-05,,411.0,233.0,178.0,98127,720575940630493818,7.144796071667514e-06,,396.0
10992,720575940611344078,7.946762977550925e-06,,410.0,87.0,323.0,93161,720575940629502251,1.1519161013384682e-05,,396.0
102810,720575940631365975,9.2590724601882e-06,,410.0,263.0,147.0,78168,720575940626861104,9.842321119002406e-06,,395.0
4926,720575940607689394,1.0571381942714453e-05,,410.0,236.0,174.0,44058,720575940620610420,1.0279757613140816e-05,,395.0
72083,720575940625686078,8.019669059944334e-06,,409.0,162.0,247.0,89951,720575940628873722,1.5747713790537077e-05,,394.0
118137,720575940635891866,1.108172451913525e-05,,409.0,233.0,176.0,57820,720575940623019544,8.384199471800358e-06,,394.0
14562,720575940612620145,1.0279757613251839e-05,,409.0,223.0,186.0,11657,720575940611602552,9.477790707257405e-06,,394.0
64258,720575940624163303,8.967448130725586e-06,2.4538201524149095e-05,408.0,215.0,193.0,70973,720575940625454162,1.363343740201639e-05,,393.0
81884,720575940627454730,7.946762977439903e-06,,408.0,206.0,202.0,79536,720575940627083397,9.113260295401382e-06,,393.0
65646,720575940624394317,8.748729883545359e-06,,408.0,132.0,276.0,42849,720575940620380449,9.331978542470587e-06,,393.0
90033,720575940628888040,9.186166377905813e-06,,407.0,220.0,187.0,129406,720575940641148149,8.530011636476154e-06,,392.0
62535,720575940623875592,9.842321119002406e-06,,407.0,318.0,89.0,9709,720575940610738898,1.975754832039822e-05,,392.0
47922,720575940621283931,1.2394034001661502e-05,,407.0,214.0,193.0,82047,720575940627480586,7.873856895268538e-06,,391.0
18232,720575940613752086,8.019669059944334e-06,,407.0,196.0,211.0,70567,720575940625375240,8.165481224731153e-06,,391.0
93618,720575940629594106,1.0279757613251839e-05,,407.0,136.0,271.0,85790,720575940628137713,9.842321119002406e-06,,391.0
112986,720575940633892909,1.6289301830840763e-05,,407.0,213.0,194.0,5606,720575940608188427,1.020685153085843e-05,,390.0
11501,720575940611543219,8.238387307124562e-06,,407.0,142.0,265.0,101928,720575940631193052,7.509326483412515e-06,,390.0
54970,720575940622500172,8.384199471800358e-06,,406.0,203.0,203.0,3955,720575940606894722,1.1373348848597864e-05,,389.0
40213,720575940619812801,9.331978542470587e-06,,406.0,206.0,200.0,128990,720575940640804853,8.457105554193767e-06,,389.0
73822,720575940626012761,7.582232565694902e-06,,406.0,203.0,203.0,19565,720575940614238114,8.311293389406949e-06,,389.0
17835,720575940613620246,9.186166377683769e-06,1.3693068781350792e-05,406.0,256.0,150.0,46027,720575940620943969,8.748729883545359e-06,,389.0
27888,720575940616687046,9.113260295401382e-06,,406.0,253.0,153.0,59956,720575940623384781,2.5371316662359256e-05,,388.0
76617,720575940626592387,5.0367687758123836e-05,,404.0,173.0,231.0,132116,720575940644494752,1.2685658331235139e-05,,388.0
46261,720575940620981072,1.5237371213783213e-05,,404.0,142.0,262.0,79882,720575940627139530,1.1446254931102295e-05,,388.0
123167,720575940638149865,8.77997534753927e-06,,404.0,190.0,214.0,18868,720575940613992657,2.070532739106845e-05,,388.0
48647,720575940621403782,1.2977282660586731e-05,,404.0,87.0,317.0,34034,720575940618249797,1.1446254931102295e-05,,388.0
98736,720575940630609146,1.1154630601528659e-05,,404.0,209.0,195.0,14428,720575940612572131,7.946762977550925e-06,,388.0
75817,720575940626427792,1.0425569777816612e-05,,403.0,280.0,123.0,107777,720575940632472850,8.748729883545359e-06,,387.0
39380,720575940619623407,9.769415036608997e-06,,403.0,125.0,278.0,24218,720575940615622050,5.476809058646559e-05,,386.0
106511,720575940632197969,9.477790707257405e-06,,403.0,334.0,69.0,131145,720575940643293837,9.509036171029273e-06,,386.0
59892,720575940623371596,2.332994635623198e-05,,402.0,156.0,246.0,94362,720575940629757036,1.0206851530747407e-05,,385.0
102887,720575940631381007,1.8736863167334583e-05,,402.0,234.0,168.0,44462,720575940620678360,8.748729883545359e-06,,385.0
23804,720575940615487449,1.0133945448353998e-05,,402.0,220.0,182.0,32506,720575940617917760,7.144796071667514e-06,,385.0
131336,720575940643576224,0.00016002885078647555,0.00014125459238800708,401.0,245.0,156.0,127715,720575940640163773,0.0001515387639093868,7.357332792834459e-05,385.0
24422,720575940615684242,1.0425569777816612e-05,,401.0,108.0,293.0,69825,720575940625203277,9.477790707257405e-06,,384.0
7347,720575940609393756,7.800950812764107e-06,,400.0,259.0,141.0,42699,720575940620346795,1.5956016882756607e-05,,384.0
36892,720575940618947329,1.1956597507523092e-05,,400.0,198.0,202.0,8408,720575940610048981,7.873856895268538e-06,,383.0
86330,720575940628236169,1.4070873896043778e-05,,400.0,158.0,242.0,128074,720575940640325429,9.69650895432661e-06,,382.0
60437,720575940623463756,8.384199471800358e-06,,399.0,214.0,185.0,13740,720575940612358642,8.821635965827745e-06,,382.0
36860,720575940618940443,1.1154630601417637e-05,,399.0,254.0,145.0,5313,720575940607982428,9.69650895432661e-06,,382.0
83825,720575940627800728,1.0425569777816612e-05,,398.0,56.0,342.0,113088,720575940633923298,9.477790707257405e-06,,381.0
112591,720575940633770067,8.67582380115195e-06,,398.0,204.0,194.0,59097,720575940623229564,9.331978542470587e-06,,380.0
103679,720575940631544694,7.655138648088311e-06,,398.0,248.0,150.0,128384,720575940640470387,9.331978542470587e-06,,379.0
128126,720575940640349518,9.2590724601882e-06,,398.0,272.0,126.0,26006,720575940616135766,9.477790707257405e-06,,379.0
69894,720575940625223944,8.384199471800358e-06,,397.0,227.0,170.0,124827,720575940638892351,1.64767746141381e-05,,379.0
56617,720575940622801279,2.0007512031239294e-05,,397.0,211.0,186.0,53867,720575940622303446,8.238387307124562e-06,,378.0
125500,720575940639165247,8.165481224731153e-06,,397.0,53.0,344.0,71866,720575940625649214,4.916994497639049e-05,,377.0
16330,720575940613139778,8.748729883545359e-06,,396.0,209.0,187.0,90985,720575940629067163,1.8080708426126968e-05,,377.0
70428,720575940625345328,8.748729883545359e-06,,396.0,219.0,177.0,22647,720575940615149836,2.464225583875823e-05,1.588145212727543e-05,377.0
55240,720575940622552675,8.748729883545359e-06,,396.0,279.0,117.0,17422,720575940613493733,3.239113087827317e-05,,376.0
114771,720575940634645985,1.0790100189672636e-05,,396.0,143.0,253.0,71586,720575940625584484,7.800950812986152e-06,,376.0
16308,720575940613131122,8.748729883545359e-06,,396.0,232.0,164.0,11094,720575940611385806,1.064428802499684e-05,,375.0
98916,720575940630644727,1.691421110827651e-05,,396.0,186.0,210.0,97285,720575940630318533,9.477790707257405e-06,,375.0
85753,720575940628133513,1.4070873896043778e-05,,396.0,246.0,150.0,12217,720575940611813842,9.113260295401382e-06,,375.0
124435,720575940638719807,2.1059442648296844e-05,,395.0,236.0,159.0,12009,720575940611735514,9.477790707257405e-06,,375.0
126074,720575940639432782,1.8768108631217473e-05,,394.0,143.0,251.0,16432,720575940613167007,8.821635965827745e-06,,374.0
69444,720575940625118757,8.384199471800358e-06,,393.0,216.0,177.0,93663,720575940629602871,9.33197854258161e-06,,374.0
17867,720575940613629649,1.3852155648974573e-05,,393.0,245.0,148.0,19805,720575940614311746,9.69650895432661e-06,,374.0
23196,720575940615310604,8.748729883545359e-06,,392.0,63.0,329.0,63018,720575940623953900,1.4654122555080029e-05,,374.0
129778,720575940641535117,1.202950358980548e-05,,391.0,137.0,254.0,110321,720575940633095137,9.769415036608997e-06,,373.0
99657,720575940630770370,8.019669059944334e-06,,391.0,180.0,211.0,129541,720575940641282267,9.33197854258161e-06,,373.0
23359,720575940615359538,1.202950358980548e-05,,391.0,193.0,198.0,104047,720575940631623417,2.7339780886204146e-05,,373.0
12474,720575940611905177,8.384199471800358e-06,,391.0,157.0,234.0,76613,720575940626591875,1.1154630601528659e-05,,372.0
108191,720575940632573496,1.0061039366182634e-05,,391.0,190.0,201.0,115788,720575940635047672,9.69650895432661e-06,,372.0
53057,720575940622165825,7.582232565694902e-06,,391.0,134.0,257.0,109031,720575940632760147,9.113260295512404e-06,,372.0
134764,720575940647436835,7.728044730592742e-06,,390.0,168.0,222.0,25541,720575940616012061,8.748729883545359e-06,,369.0
72116,720575940625691372,1.669549286098526e-05,,390.0,139.0,251.0,45430,720575940620842111,9.69650895432661e-06,,369.0
85105,720575940628023568,9.11326029529036e-06,,390.0,322.0,68.0,37837,720575940619176094,5.511699826610261e-05,,368.0
123592,720575940638333662,1.2685658331235139e-05,,389.0,172.0,217.0,80350,720575940627204362,1.0061039366182634e-05,,368.0
60522,720575940623478115,8.748729883545359e-06,,389.0,267.0,122.0,60229,720575940623433725,9.11326029529036e-06,,365.0
135060,720575940647952948,9.186166377683769e-06,,388.0,166.0,222.0,103557,720575940631520312,8.748729883545359e-06,,365.0
87811,720575940628481798,1.6185150284564465e-05,,388.0,201.0,187.0,29606,720575940617166993,1.0571381942714453e-05,,364.0
53794,720575940622292257,8.748729883545359e-06,,388.0,232.0,156.0,38723,720575940619432261,1.4070873896043778e-05,,364.0
66677,720575940624604710,1.100881843674184e-05,1.9018275271953655e-05,388.0,250.0,138.0,82913,720575940627645514,1.2029503590027524e-05,,364.0
28534,720575940616871878,8.384199471800358e-06,,388.0,170.0,218.0,101843,720575940631177803,9.550696789539792e-06,,363.0
40351,720575940619846046,1.0863006272066045e-05,,387.0,212.0,175.0,107835,720575940632486969,7.946762977550925e-06,,363.0
68839,720575940625014535,9.915227201284793e-06,,387.0,322.0,65.0,113008,720575940633900896,6.175145176134933e-05,,363.0
17464,720575940613506355,1.5091559049107417e-05,,387.0,231.0,156.0,95464,720575940629961219,1.2394034001883547e-05,,363.0
78695,720575940626949925,1.6476774613916056e-05,,387.0,195.0,192.0,126042,720575940639417728,9.988133283789224e-06,,361.0
118333,720575940635968398,9.331978542470587e-06,,385.0,266.0,119.0,88736,720575940628653255,1.2394034001661502e-05,,360.0
1901,720575940605607392,1.4508310390293211e-05,,384.0,205.0,179.0,50787,720575940621766938,9.113260295401382e-06,,360.0
54993,720575940622506022,9.113260295401382e-06,,383.0,271.0,112.0,24702,720575940615757162,1.253984616644832e-05,,360.0
68163,720575940624898125,1.4367705802764696e-05,,383.0,204.0,179.0,125553,720575940639182424,1.261275224884173e-05,,360.0
94682,720575940629823531,9.477790707257405e-06,,382.0,310.0,72.0,39541,720575940619662539,1.7893235642718608e-05,,360.0
52141,720575940622018217,1.1300442766315477e-05,,382.0,212.0,170.0,47010,720575940621114177,8.967448130725586e-06,,360.0
96477,720575940630164992,7.80095081287513e-06,,381.0,225.0,156.0,90119,720575940628902043,8.019669059944334e-06,,359.0
88586,720575940628627477,1.4070873896043778e-05,,380.0,226.0,154.0,113581,720575940634140883,1.0425569778038657e-05,,359.0
18345,720575940613787303,1.4581216472575598e-05,,380.0,301.0,79.0,7803,720575940609695683,1.596643203749526e-05,,359.0
28531,720575940616869830,3.62343229344253e-05,,380.0,189.0,191.0,129360,720575940641096144,1.501865296682503e-05,,359.0
115427,720575940634909594,9.113260295512404e-06,,379.0,244.0,135.0,5017,720575940607774044,1.0571381942714453e-05,,359.0
86922,720575940628334342,7.582232565694902e-06,,379.0,58.0,321.0,9109,720575940610439363,9.842321119002406e-06,,357.0
34056,720575940618253785,8.602917718869563e-06,,379.0,129.0,250.0,119272,720575940636396400,9.842321119002406e-06,,356.0
56019,720575940622696319,8.748729883545359e-06,,379.0,256.0,123.0,4966,720575940607725321,2.0413703061605837e-05,,356.0
56050,720575940622702618,1.2321127919379116e-05,,379.0,205.0,174.0,79699,720575940627107721,8.415444935572225e-06,,355.0
88792,720575940628663183,9.769415036608997e-06,,378.0,168.0,210.0,64910,720575940624274249,2.136148213238709e-05,,354.0
83306,720575940627715870,1.1810785342847296e-05,,378.0,214.0,164.0,129727,720575940641480949,8.748729883545359e-06,,354.0
55508,720575940622611711,9.69650895432661e-06,,378.0,313.0,65.0,32680,720575940617955099,9.259072460077178e-06,,354.0
31303,720575940617616157,1.0061039366182634e-05,,377.0,186.0,191.0,39285,720575940619601488,9.477790707257405e-06,,354.0
92695,720575940629418199,1.100881843674184e-05,,377.0,247.0,130.0,113890,720575940634260636,1.0717194107390249e-05,,352.0
136571,720575940654777505,9.988133283678202e-06,,377.0,195.0,182.0,57565,720575940622979277,0.0002089418886153105,3.390816635895355e-05,352.0
63175,720575940623983508,9.842321119002406e-06,,377.0,258.0,119.0,68323,720575940624923655,8.967448130614564e-06,,351.0
59636,720575940623326941,2.1944730791201295e-05,,377.0,94.0,283.0,109236,720575940632804435,1.202950358980548e-05,,350.0
30156,720575940617316326,9.842321119002406e-06,,377.0,312.0,65.0,98821,720575940630623503,1.0352663695645248e-05,,349.0
119005,720575940636280683,1.0311003077134728e-05,,376.0,200.0,176.0,134847,720575940647586948,8.748729883545359e-06,,349.0
4901,720575940607667723,8.748729883545359e-06,,376.0,190.0,186.0,12545,720575940611934706,8.748729883545359e-06,,347.0
84239,720575940627871996,9.571527098906074e-06,,376.0,93.0,283.0,125402,720575940639128646,9.113260295401382e-06,,347.0
18977,720575940614037229,1.3196000907655936e-05,,375.0,189.0,186.0,90483,720575940628970748,1.0571381942714453e-05,,347.0
8088,720575940609854475,3.0693460674857675e-05,,375.0,168.0,207.0,83971,720575940627826760,8.748729883545359e-06,,346.0
79565,720575940627087646,8.748729883545359e-06,,375.0,212.0,163.0,82725,720575940627607812,8.748729883545359e-06,,346.0
58794,720575940623179177,8.384199471800358e-06,,374.0,213.0,161.0,65219,720575940624323110,8.748729883545359e-06,,345.0
76980,720575940626661066,1.0717194107390249e-05,,374.0,252.0,122.0,93086,720575940629490476,8.967448130614564e-06,,345.0
134849,720575940647589172,1.0279757613140816e-05,,374.0,80.0,294.0,42301,720575940620258480,9.477790707257405e-06,,344.0
3597,720575940606664894,9.186166377905813e-06,,374.0,229.0,145.0,27634,720575940616604817,1.1446254930991273e-05,,344.0
72890,720575940625838606,1.7861990178835718e-05,,373.0,251.0,122.0,41103,720575940620012923,1.202950358980548e-05,,344.0
15380,720575940612863138,3.6380135099101096e-05,,373.0,130.0,243.0,24818,720575940615799308,9.186166377683769e-06,,343.0
59036,720575940623219453,9.11326029529036e-06,,373.0,313.0,60.0,136032,720575940652258806,8.748729883545359e-06,,341.0
22808,720575940615201211,1.0571381942714453e-05,,373.0,231.0,142.0,29682,720575940617190361,8.748729883545359e-06,,340.0
102465,720575940631293202,1.2248221836985707e-05,,373.0,198.0,175.0,65434,720575940624358152,1.064428802499684e-05,,340.0
127747,720575940640178640,1.1883691425129683e-05,,373.0,216.0,157.0,63232,720575940623992317,9.550696789539792e-06,,339.0
11673,720575940611607416,1.3196000907766958e-05,,372.0,193.0,179.0,87108,720575940628360723,8.748729883545359e-06,,338.0
2268,720575940605820844,8.384199471800358e-06,,372.0,261.0,111.0,94454,720575940629777018,1.0352663695534225e-05,,337.0
69335,720575940625098679,9.769415036608997e-06,,371.0,198.0,173.0,15348,720575940612856434,2.3038322026658342e-05,,336.0
48537,720575940621387363,1.592477141898474e-05,,371.0,135.0,236.0,19252,720575940614137907,1.1810785342847296e-05,,336.0
15400,720575940612869269,8.311293389406949e-06,,370.0,224.0,146.0,46299,720575940620988276,9.842321119002406e-06,,335.0
51215,720575940621832397,1.399796781365037e-05,,370.0,172.0,198.0,29989,720575940617280657,9.113260295401382e-06,,335.0
51948,720575940621976097,1.0790100189672636e-05,,370.0,225.0,145.0,71213,720575940625502666,9.477790707257405e-06,,334.0
51880,720575940621961569,1.108172451913525e-05,,370.0,243.0,127.0,68671,720575940624986919,1.1956597507523092e-05,,334.0
7487,720575940609487369,3.667175942856371e-05,,370.0,130.0,240.0,32876,720575940618002747,9.477790707257405e-06,,333.0
16327,720575940613139123,9.915227201284793e-06,,370.0,175.0,195.0,15995,720575940613025331,8.967448130614564e-06,,333.0
102697,720575940631339026,1.1081724519246272e-05,,370.0,158.0,212.0,121317,720575940637341668,8.967448130725586e-06,,333.0
130426,720575940642361845,8.530011636476154e-06,,370.0,254.0,116.0,94639,720575940629814103,9.11326029529036e-06,,333.0
8940,720575940610357858,2.45693497562538e-05,,368.0,225.0,143.0,127575,720575940640111568,8.748729883545359e-06,,332.0
32104,720575940617818708,9.477790707257405e-06,,368.0,204.0,164.0,95890,720575940630042508,1.734123244778729e-05,,332.0
107526,720575940632417554,8.311293389406949e-06,,367.0,133.0,234.0,134676,720575940647311651,9.842321119113429e-06,,332.0
43617,720575940620537153,8.748729883545359e-06,,367.0,302.0,65.0,28700,720575940616915174,1.6747568634345456e-05,,332.0
60923,720575940623546549,1.1737879260453887e-05,,367.0,98.0,269.0,134275,720575940646682676,8.748729883545359e-06,,331.0
49865,720575940621615451,0.0004185329885354472,1.3122292103595612e-05,366.0,188.0,178.0,59797,720575940623355114,9.373639160981106e-06,,331.0
73539,720575940625964377,1.5747713790426054e-05,,366.0,215.0,151.0,133036,720575940645282158,1.8330672136857018e-05,,331.0
49261,720575940621516415,9.623602871933201e-06,,366.0,182.0,184.0,41459,720575940620082512,9.113260295401382e-06,3.252379751489398e-05,331.0
60320,720575940623444556,9.550696789539792e-06,,365.0,170.0,195.0,130022,720575940641780187,1.7497459767090717e-05,,331.0
102686,720575940631335528,9.477790707257405e-06,,364.0,227.0,137.0,65856,720575940624434323,8.967448130614564e-06,,331.0
106873,720575940632286924,1.3633437401794346e-05,,363.0,157.0,206.0,29348,720575940617089241,8.748729883545359e-06,,330.0
103214,720575940631449411,1.4435404307899802e-05,,363.0,189.0,174.0,132758,720575940645047831,8.748729883545359e-06,,329.0
44357,720575940620661168,1.1300442766093433e-05,,363.0,133.0,230.0,126871,720575940639789475,9.33197854258161e-06,,327.0
94905,720575940629863424,9.842321119002406e-06,,363.0,279.0,84.0,88696,720575940628646160,1.020685153085843e-05,,327.0
45522,720575940620860912,1.2758564413517526e-05,,362.0,214.0,148.0,118079,720575940635872101,8.748729883545359e-06,,326.0
122090,720575940637671342,7.946762977550925e-06,,362.0,182.0,180.0,20209,720575940614432918,8.384199471800358e-06,,326.0
11000,720575940611347123,5.507533764781414e-05,,362.0,228.0,134.0,53484,720575940622236374,9.69650895432661e-06,,326.0
81804,720575940627438076,8.748729883545359e-06,,361.0,203.0,158.0,120009,720575940636737246,1.2758564413517526e-05,,325.0
71058,720575940625474279,8.384199471800358e-06,,360.0,242.0,118.0,10901,720575940611297070,8.748729883545359e-06,,324.0
96460,720575940630161819,9.623602871933201e-06,,357.0,207.0,150.0,117194,720575940635552948,1.1519161013384682e-05,,322.0
12619,720575940611958994,8.165481224731153e-06,,357.0,147.0,210.0,65812,720575940624426680,1.2758564413517526e-05,,322.0
7856,720575940609722436,8.748729883545359e-06,,357.0,226.0,131.0,50069,720575940621647948,1.4435404307899802e-05,,322.0
66277,720575940624525043,1.0061039366182634e-05,,357.0,242.0,115.0,14721,720575940612667414,8.384199471800358e-06,,322.0
3015,720575940606283366,1.0352663695645248e-05,,357.0,243.0,114.0,39503,720575940619654053,8.748729883545359e-06,,322.0
116130,720575940635154680,9.113260295401382e-06,,356.0,179.0,177.0,101911,720575940631189817,9.113260295401382e-06,,321.0
113137,720575940633940653,8.748729883656381e-06,,353.0,167.0,186.0,114353,720575940634458719,2.286631417014462e-05,,318.0
48102,720575940621315604,7.80095081287513e-06,,353.0,167.0,186.0,94423,720575940629768722,9.842321119002406e-06,,318.0
85135,720575940628028541,8.165481224731153e-06,,352.0,176.0,176.0,73825,720575940626013315,9.842321119113429e-06,,317.0
34139,720575940618270629,9.477790707257405e-06,,351.0,256.0,95.0,114844,720575940634676916,9.477790707257405e-06,,317.0
33591,720575940618157110,1.1737879260453887e-05,,351.0,213.0,138.0,136841,720575940655842465,1.4289592143224006e-05,,317.0
90088,720575940628896252,8.165481224731153e-06,,350.0,174.0,176.0,11322,720575940611477683,8.384199471800358e-06,,316.0
22704,720575940615171122,1.0425569777816612e-05,,350.0,237.0,113.0,119160,720575940636348852,9.113260295401382e-06,,316.0
24409,720575940615680162,1.1477500394874163e-05,,350.0,222.0,128.0,9521,720575940610652002,8.384199471800358e-06,,315.0
51113,720575940621814911,8.384199471800358e-06,,350.0,113.0,237.0,26510,720575940616286175,9.113260295401382e-06,,315.0
1874,720575940605580768,9.65484833581609e-06,,347.0,164.0,183.0,71991,720575940625669148,8.748729883545359e-06,,313.0
86795,720575940628314667,1.064428802499684e-05,,347.0,212.0,135.0,72010,720575940625673196,1.4976992348203488e-05,,313.0
21241,720575940614737704,2.3402852438625388e-05,,346.0,188.0,158.0,99152,720575940630683383,9.113260295512404e-06,,312.0
39705,720575940619695518,8.821635965827745e-06,,346.0,159.0,187.0,39248,720575940619592768,1.1810785342847296e-05,,312.0
23103,720575940615278994,8.748729883545359e-06,8.73321636923885e-06,346.0,154.0,192.0,59023,720575940623217577,8.821635965827745e-06,,312.0
5984,720575940608451420,9.988133283678202e-06,,344.0,179.0,165.0,59330,720575940623274966,1.3268906989938323e-05,,310.0
80485,720575940627223140,1.2560676475592558e-05,,343.0,153.0,190.0,134767,720575940647441187,8.748729883656381e-06,,309.0
113883,720575940634258146,9.842321119002406e-06,,343.0,244.0,99.0,107870,720575940632495135,8.384199471800358e-06,,309.0
74701,720575940626198093,8.748729883545359e-06,,342.0,225.0,117.0,91432,720575940629155227,9.11326029529036e-06,,309.0
60466,720575940623467084,9.186166377683769e-06,,342.0,202.0,140.0,49036,720575940621475610,9.113260295401382e-06,,308.0
95115,720575940629902206,8.384199471800358e-06,,340.0,210.0,130.0,110049,720575940633011256,1.0935912354459454e-05,,306.0
63755,720575940624080920,1.0061039366182634e-05,,339.0,162.0,177.0,77664,720575940626781565,1.5893525955212873e-05,,306.0
112396,720575940633706148,2.0632421308675042e-05,,338.0,215.0,123.0,45425,720575940620840948,1.543525915170818e-05,,305.0
118015,720575940635850414,9.842321119002406e-06,,338.0,263.0,75.0,109252,720575940632807193,1.0571381942714453e-05,,305.0
102717,720575940631342551,8.019669059944334e-06,,337.0,151.0,186.0,107465,720575940632409500,8.748729883545359e-06,,304.0
123648,720575940638360798,9.915227201284793e-06,,337.0,223.0,114.0,113291,720575940634000979,1.2248221836985707e-05,,304.0
42939,720575940620405780,7.582232565694902e-06,,337.0,175.0,162.0,64555,720575940624209288,1.020685153085843e-05,,304.0
79511,720575940627081022,9.040354213007973e-06,,336.0,177.0,159.0,87191,720575940628372562,8.748729883545359e-06,,303.0
75543,720575940626374544,9.113260295401382e-06,,336.0,163.0,173.0,43258,720575940620468718,9.477790707257405e-06,,303.0
69805,720575940625194558,1.0352663695534225e-05,,336.0,200.0,136.0,132485,720575940644791918,9.113260295512404e-06,,303.0
100753,720575940630973756,9.113260295512404e-06,,335.0,246.0,89.0,109643,720575940632900665,1.0425569778038657e-05,,302.0
116512,720575940635276384,8.384199471800358e-06,,335.0,146.0,189.0,87722,720575940628463468,9.113260295401382e-06,,302.0
8326,720575940609991748,1.1081724519246272e-05,,335.0,214.0,121.0,44720,720575940620715247,8.748729883545359e-06,,302.0
34962,720575940618469009,8.384199471800358e-06,,334.0,202.0,132.0,121899,720575940637607646,9.477790707257405e-06,,302.0
67246,720575940624722359,1.0498475860321044e-05,,334.0,223.0,111.0,25218,720575940615928251,8.748729883545359e-06,,302.0
128584,720575940640589171,7.946762977550925e-06,,334.0,165.0,169.0,84203,720575940627866856,8.967448130725586e-06,,301.0
95388,720575940629948176,8.165481224731153e-06,,334.0,161.0,173.0,28816,720575940616946065,8.748729883545359e-06,,301.0
21917,720575940614944977,1.9903360485074018e-05,,334.0,166.0,168.0,108932,720575940632737081,1.684130502577208e-05,,301.0
59233,720575940623256188,1.2789809877400415e-05,,334.0,183.0,151.0,39905,720575940619738863,2.26321309962918e-05,,301.0
25961,720575940616124266,8.165481224731153e-06,,332.0,164.0,168.0,46732,720575940621068464,8.748729883545359e-06,,299.0
70642,720575940625390828,8.384199471800358e-06,,331.0,156.0,175.0,124248,720575940638637501,1.064428802499684e-05,,298.0
72463,720575940625759821,1.1810785342847296e-05,,331.0,192.0,139.0,89882,720575940628858640,9.113260295401382e-06,,298.0
110609,720575940633179852,1.0425569778038657e-05,,330.0,157.0,173.0,17112,720575940613408552,9.113260295401382e-06,,297.0
127996,720575940640292149,9.331978542470587e-06,,330.0,175.0,155.0,39428,720575940619636615,9.113260295401382e-06,,297.0
45834,720575940620912987,1.057138194260343e-05,,330.0,172.0,158.0,102615,720575940631319311,1.1404594312480754e-05,,297.0
130463,720575940642389749,9.623602871933201e-06,,328.0,115.0,213.0,5538,720575940608152962,5.489828001925545e-05,,296.0
137167,720575940660051073,1.0352663695645248e-05,,327.0,221.0,106.0,121964,720575940637627581,9.915227201284793e-06,,295.0
75683,720575940626399763,7.582232565694902e-06,,326.0,151.0,175.0,20114,720575940614403178,9.842321119002406e-06,,294.0
108167,720575940632569145,8.384199471800358e-06,,326.0,265.0,61.0,114354,720575940634459290,8.748729883545359e-06,,294.0
59705,720575940623338281,1.5237371213783213e-05,,326.0,169.0,157.0,46710,720575940621065301,1.0935912354459454e-05,,294.0
91683,720575940629204674,1.3987552659244784e-05,,325.0,160.0,165.0,52506,720575940622078685,9.69650895432661e-06,,293.0
46666,720575940621057702,8.384199471800358e-06,,325.0,194.0,131.0,123217,720575940638168639,8.384199471800358e-06,,293.0
126712,720575940639723197,8.384199471800358e-06,,325.0,226.0,99.0,55647,720575940622633716,1.2321127919379116e-05,,293.0
37553,720575940619109147,1.0571381942714453e-05,8.799557309702166e-06,324.0,178.0,146.0,74334,720575940626112062,9.477790707257405e-06,,292.0
33561,720575940618152507,7.80095081287513e-06,,322.0,158.0,164.0,49274,720575940621519130,9.331978542470587e-06,,290.0
59755,720575940623346764,9.040354213007973e-06,,322.0,154.0,168.0,77418,720575940626738565,1.0206851530969452e-05,,290.0
70887,720575940625441003,1.1446254931102295e-05,,322.0,180.0,142.0,65890,720575940624439498,1.2175315754592297e-05,,290.0
135875,720575940650945657,8.165481224731153e-06,,321.0,165.0,156.0,8655,720575940610199781,1.1592067095667069e-05,,290.0
97129,720575940630290558,1.487284080192719e-05,,320.0,181.0,139.0,54905,720575940622486506,1.0571381942714453e-05,,288.0
59747,720575940623345740,7.800950812764107e-06,,320.0,149.0,171.0,82121,720575940627493148,9.769415036608997e-06,,288.0
29122,720575940617024306,1.253984616644832e-05,,318.0,152.0,166.0,25025,720575940615868010,9.113260295401382e-06,,287.0
69534,720575940625140221,1.2133655136081778e-05,,318.0,167.0,151.0,30466,720575940617399257,8.748729883545359e-06,,287.0
67180,720575940624710653,9.113260295401382e-06,,318.0,174.0,144.0,63838,720575940624095172,8.384199471800358e-06,,287.0
73562,720575940625968115,7.436420401019106e-06,,318.0,199.0,119.0,76447,720575940626562833,9.113260295512404e-06,,287.0
11687,720575940611610737,2.660030490786447e-05,,318.0,113.0,205.0,37518,720575940619097905,1.020685153085843e-05,,287.0
59243,720575940623257565,9.404884624863996e-06,,317.0,193.0,124.0,7307,720575940609376707,8.967448130614564e-06,,286.0
128903,720575940640761507,8.384199471800358e-06,,317.0,165.0,152.0,131022,720575940643112333,1.0498475860321044e-05,,286.0
29742,720575940617205179,8.488351017965634e-06,,316.0,163.0,153.0,9165,720575940610472146,8.384199471800358e-06,,285.0
33047,720575940618041408,1.1373348848708886e-05,,316.0,219.0,97.0,84050,720575940627841795,1.020685153085843e-05,,285.0
16922,720575940613339875,1.679964440726156e-05,,315.0,217.0,98.0,91845,720575940629240263,8.384199471800358e-06,,284.0
34885,720575940618451129,1.2029503590027524e-05,,315.0,153.0,162.0,69638,720575940625159677,9.113260295512404e-06,,284.0
5005,720575940607764937,1.5164465131500826e-05,,315.0,163.0,152.0,36957,720575940618965553,9.477790707257405e-06,,284.0
29340,720575940617086988,9.915227201395815e-06,,313.0,156.0,157.0,109879,720575940632964423,9.69650895432661e-06,,282.0
27999,720575940616727483,8.384199471800358e-06,,313.0,174.0,139.0,88587,720575940628627867,2.3475758520796752e-05,,282.0
91079,720575940629087996,8.457105554193767e-06,,313.0,180.0,133.0,31390,720575940617636981,9.113260295401382e-06,,282.0
68211,720575940624906237,1.0790100189672636e-05,,313.0,151.0,162.0,94237,720575940629730934,8.384199471800358e-06,,282.0
136395,720575940653566198,7.582232565694902e-06,,311.0,158.0,153.0,68358,720575940624931564,3.8931847981871215e-05,,280.0
94107,720575940629704210,1.4143779978437188e-05,,311.0,78.0,233.0,6831,720575940609097429,9.113260295401382e-06,,280.0
21980,720575940614964264,2.2965415944375955e-05,,308.0,151.0,157.0,113863,720575940634253281,9.113260295512404e-06,,278.0
79848,720575940627133827,8.967448130725586e-06,,306.0,152.0,154.0,53277,720575940622204186,9.550696789539792e-06,,276.0
26528,720575940616290015,8.748729883545359e-06,,306.0,146.0,160.0,129539,720575940641278965,1.1008818436852863e-05,,276.0
136711,720575940655234977,7.873856895268538e-06,,304.0,105.0,199.0,83426,720575940627732361,9.113260295401382e-06,,274.0
89912,720575940628864364,1.8518144920154356e-05,,304.0,174.0,130.0,3401,720575940606564482,8.748729883545359e-06,,274.0
69916,720575940625229385,9.113260295401382e-06,,304.0,170.0,134.0,81780,720575940627432680,1.0206851530969452e-05,,274.0
15871,720575940612990321,8.384199471800358e-06,,304.0,173.0,131.0,61338,720575940623632904,9.842321119002406e-06,,274.0
85768,720575940628135336,8.748729883656381e-06,,302.0,155.0,147.0,11382,720575940611499673,9.113260295401382e-06,,272.0
132455,720575940644765463,9.769415036608997e-06,,302.0,194.0,108.0,29741,720575940617203997,9.113260295401382e-06,,272.0
22738,720575940615183071,9.404884624863996e-06,,301.0,97.0,204.0,28796,720575940616941201,1.4289592143112984e-05,,272.0
26881,720575940616390261,1.7060023272952307e-05,,301.0,87.0,214.0,32014,720575940617796642,8.311293389406949e-06,,271.0
92223,720575940629322314,9.404884624863996e-06,,300.0,137.0,163.0,109872,720575940632962786,1.5633147089633148e-05,,270.0
70595,720575940625380169,0.0003460122668936805,2.2762492838390713e-05,297.0,177.0,120.0,885,720575940604729056,8.748729883545359e-06,,268.0
53381,720575940622219190,8.384199471800358e-06,,297.0,241.0,56.0,134362,720575940646814340,1.0311003077134728e-05,,268.0
24193,720575940615614314,2.070532739106845e-05,,296.0,169.0,127.0,51698,720575940621929641,9.842321119002406e-06,9.629221898399543e-06,267.0
65838,720575940624431036,8.748729883545359e-06,,295.0,152.0,143.0,125390,720575940639123544,1.0279757613251839e-05,,266.0
125223,720575940639055933,1.356053131951196e-05,,294.0,205.0,89.0,101555,720575940631122191,1.691421110816549e-05,,265.0
46463,720575940621018977,1.1373348848486842e-05,,294.0,140.0,154.0,117082,720575940635513751,8.748729883545359e-06,,265.0
133135,720575940645389604,2.0049172649971858e-05,,294.0,146.0,148.0,24845,720575940615808342,1.0571381942714453e-05,,265.0
81064,720575940627312668,2.462142552950297e-05,,293.0,157.0,136.0,118328,720575940635967118,1.2248221836985707e-05,,264.0
127097,720575940639889205,9.11326029529036e-06,,293.0,151.0,142.0,32503,720575940617917396,8.967448130614564e-06,,264.0
78946,720575940626988574,1.9205545125355883e-05,,292.0,95.0,197.0,106173,720575940632109775,9.186166377905813e-06,,263.0
94794,720575940629844011,9.477790707257405e-06,,292.0,139.0,153.0,30622,720575940617442561,9.331978542470587e-06,,263.0
89700,720575940628822248,7.509326483412515e-06,,292.0,164.0,128.0,75956,720575940626457406,8.748729883545359e-06,,263.0
64453,720575940624193279,9.11326029529036e-06,,292.0,187.0,105.0,132337,720575940644688238,8.165481224731153e-06,,263.0
14051,720575940612461461,7.582232565694902e-06,,292.0,149.0,143.0,69072,720575940625050256,9.477790707257405e-06,,263.0
133808,720575940646088068,6.561547412631263e-06,,291.0,131.0,160.0,77488,720575940626748949,9.2590724601882e-06,,262.0
58205,720575940623084170,1.1592067095778091e-05,,291.0,173.0,118.0,98991,720575940630657015,9.113260295512404e-06,,262.0
91538,720575940629174513,1.0571381942714453e-05,,291.0,163.0,128.0,101958,720575940631200327,9.769415036608997e-06,,262.0
132439,720575940644758308,8.384199471800358e-06,,288.0,201.0,87.0,84083,720575940627847752,7.832196276869041e-06,,260.0
129354,720575940641085312,7.363514318736719e-06,,287.0,108.0,179.0,95391,720575940629948869,1.0571381942714453e-05,,259.0
20710,720575940614604083,1.2394034001661502e-05,,287.0,217.0,70.0,23684,720575940615453438,9.113260295401382e-06,,259.0
297,720575940603727840,8.384199471800358e-06,,286.0,113.0,173.0,88316,720575940628577897,9.477790707257405e-06,,258.0
28016,720575940616734581,7.363514318736719e-06,,286.0,106.0,180.0,21246,720575940614740374,8.748729883545359e-06,,258.0
17834,720575940613619941,8.384199471800358e-06,,286.0,140.0,146.0,23423,720575940615378700,1.800780234373356e-05,,258.0
131565,720575940643867296,6.926077824487287e-06,,285.0,157.0,128.0,45008,720575940620763584,9.11326029529036e-06,,257.0
81700,720575940627421080,9.69650895432661e-06,,285.0,169.0,116.0,2880,720575940606179686,1.0425569778038657e-05,,257.0
83433,720575940627732935,1.0790100189672636e-05,,282.0,152.0,130.0,58991,720575940623211725,7.946762977550925e-06,,254.0
68985,720575940625037239,2.7704311297838125e-05,,282.0,137.0,145.0,102677,720575940631333195,9.113260295401382e-06,,254.0
124799,720575940638882532,1.2758564413517526e-05,,281.0,130.0,151.0,24813,720575940615798470,2.4131913262004367e-05,,253.0
71922,720575940625658004,9.69650895432661e-06,,281.0,143.0,138.0,27611,720575940616597977,9.11326029529036e-06,,253.0
85803,720575940628138889,7.80095081287513e-06,,280.0,98.0,182.0,26626,720575940616313942,8.967448130614564e-06,,252.0
105741,720575940632014411,9.623602871933201e-06,,278.0,168.0,110.0,7365,720575940609407939,7.946762977550925e-06,,251.0
31347,720575940617626485,8.967448130725586e-06,,277.0,161.0,116.0,102408,720575940631282732,9.113260295401382e-06,,250.0
19297,720575940614157254,9.69650895432661e-06,,277.0,184.0,93.0,108846,720575940632722515,9.113260295512404e-06,,250.0
121985,720575940637635305,8.748729883545359e-06,,276.0,159.0,117.0,30098,720575940617303099,8.384199471800358e-06,,250.0
123500,720575940638288447,1.602892296526104e-05,,276.0,145.0,131.0,92142,720575940629304702,8.748729883545359e-06,,249.0
39731,720575940619700288,1.0779685035045006e-05,,275.0,145.0,130.0,104640,720575940631759663,8.748729883545359e-06,,248.0
99020,720575940630663499,9.113260295401382e-06,,273.0,161.0,112.0,96782,720575940630222812,9.113260295401382e-06,,246.0
134675,720575940647310371,1.3341813072442754e-05,,273.0,128.0,145.0,24375,720575940615671106,7.72804473048172e-06,,246.0
9327,720575940610544810,9.113260295401382e-06,,273.0,124.0,149.0,39013,720575940619524555,9.988133283678202e-06,,246.0
125398,720575940639126335,9.477790707257405e-06,,273.0,100.0,173.0,132067,720575940644438551,8.748729883545359e-06,,246.0
34220,720575940618291174,8.807054749415677e-05,,272.0,51.0,221.0,84682,720575940627949589,1.6112244202282078e-05,,245.0
46586,720575940621042416,9.842321119002406e-06,,272.0,198.0,74.0,43754,720575940620561840,8.748729883545359e-06,,245.0
23164,720575940615301132,1.596643203749526e-05,,271.0,172.0,99.0,78903,720575940626982181,9.113260295401382e-06,,244.0
96354,720575940630142007,9.623602871933201e-06,,271.0,140.0,131.0,135678,720575940650357494,9.113260295512404e-06,,244.0
100978,720575940631011328,1.1373348848708886e-05,,270.0,188.0,82.0,49046,720575940621477312,8.384199471800358e-06,,243.0
87482,720575940628420264,7.144796071667514e-06,,270.0,138.0,132.0,29478,720575940617123814,9.113260295401382e-06,,243.0
61681,720575940623702345,1.7570365849373104e-05,,270.0,189.0,81.0,23708,720575940615459771,8.165481224731153e-06,,243.0
67383,720575940624750480,9.394469470236366e-06,,267.0,133.0,134.0,126040,720575940639417432,9.477790707257405e-06,,241.0
33128,720575940618058048,8.748729883545359e-06,,264.0,168.0,96.0,121890,720575940637603038,8.748729883545359e-06,,238.0
15148,720575940612793457,1.2466940084165934e-05,,264.0,141.0,123.0,90970,720575940629064186,9.404884624863996e-06,,238.0
9039,720575940610408643,6.998983906991718e-06,,264.0,142.0,122.0,113289,720575940633999129,9.113260295401382e-06,,238.0
23613,720575940615432098,1.399796781365037e-05,,263.0,151.0,112.0,87800,720575940628478823,8.311293389406949e-06,,237.0
65164,720575940624313578,1.6549680696309466e-05,,262.0,139.0,123.0,114551,720575940634560922,8.748729883545359e-06,,236.0
93476,720575940629564688,6.561547412631263e-06,,261.0,109.0,152.0,29162,720575940617034565,1.020685153085843e-05,,235.0
13359,720575940612238449,1.305018874298014e-05,,261.0,131.0,130.0,94500,720575940629786624,8.384199471800358e-06,,235.0
89270,720575940628755815,8.384199471800358e-06,,261.0,174.0,87.0,33884,720575940618216862,7.72804473048172e-06,,235.0
53964,720575940622318599,8.530011636476154e-06,,261.0,173.0,88.0,135906,720575940651341558,1.1446254931102295e-05,,235.0
92627,720575940629405190,2.7777217380342556e-05,,261.0,136.0,125.0,74907,720575940626243614,8.748729883545359e-06,,235.0
119460,720575940636502264,1.0279757613140816e-05,,260.0,140.0,120.0,81927,720575940627463043,8.165481224731153e-06,,234.0
15425,720575940612878242,1.020685153085843e-05,,260.0,193.0,67.0,94674,720575940629821740,9.69650895432661e-06,,234.0
22764,720575940615189465,8.384199471800358e-06,,258.0,133.0,125.0,130630,720575940642549467,1.2102409672198888e-05,,233.0
68161,720575940624897516,8.748729883545359e-06,,257.0,239.0,18.0,90053,720575940628891396,1.1300442766315477e-05,,232.0
116444,720575940635249332,8.165481224731153e-06,,257.0,142.0,115.0,100171,720575940630868281,9.69650895432661e-06,,232.0
23183,720575940615307170,1.305018874298014e-05,,256.0,144.0,112.0,83752,720575940627787609,9.477790707257405e-06,,231.0
15762,720575940612967829,1.829942667308515e-05,,255.0,23.0,232.0,96188,720575940630106309,9.477790707257405e-06,,230.0
49353,720575940621535085,1.4581216472464575e-05,,254.0,161.0,93.0,101316,720575940631082808,9.769415036608997e-06,,229.0
47958,720575940621290260,9.477790707257405e-06,,252.0,139.0,113.0,25613,720575940616026939,1.1227536683922068e-05,,227.0
113757,720575940634216417,1.4289592143112984e-05,,251.0,155.0,96.0,94634,720575940629812346,1.0571381942714453e-05,,226.0
59190,720575940623248483,2.172601254413209e-05,,248.0,138.0,110.0,72251,720575940625718053,8.384199471800358e-06,,224.0
71493,720575940625565442,9.842321119113429e-06,,247.0,173.0,74.0,45594,720575940620873793,8.748729883545359e-06,,223.0
44734,720575940620718318,2.8797902533295172e-05,,247.0,101.0,146.0,19559,720575940614236200,9.113260295401382e-06,1.191390846033702e-05,223.0
20881,720575940614649139,8.67582380115195e-06,,246.0,135.0,111.0,71077,720575940625477322,8.384199471800358e-06,,222.0
83969,720575940627826206,8.457105554193767e-06,,244.0,98.0,146.0,82444,720575940627549754,9.477790707257405e-06,,220.0
126313,720575940639542691,1.202950358980548e-05,,243.0,101.0,142.0,7491,720575940609488942,8.384199471800358e-06,,219.0
34902,720575940618455791,9.477790707257405e-06,,242.0,156.0,86.0,91514,720575940629170250,1.0498475860321044e-05,,218.0
89627,720575940628810711,9.842321119002406e-06,,242.0,198.0,44.0,8743,720575940610236514,9.477790707257405e-06,,218.0
60815,720575940623528595,8.16548122462013e-06,,242.0,143.0,99.0,40484,720575940619877396,7.363514318736719e-06,,218.0
23807,720575940615488885,8.748729883545359e-06,,241.0,88.0,153.0,58350,720575940623110123,9.113260295401382e-06,,217.0
14645,720575940612645082,1.1873276270502053e-05,,241.0,115.0,126.0,38610,720575940619403942,8.165481224731153e-06,,217.0
96572,720575940630182526,1.0061039366182634e-05,,240.0,190.0,50.0,88082,720575940628537852,9.842321119002406e-06,,216.0
70955,720575940625450680,9.550696789539792e-06,,240.0,80.0,160.0,48680,720575940621411749,9.331978542470587e-06,,216.0
44457,720575940620677336,8.748729883545359e-06,,238.0,83.0,155.0,118855,720575940636209897,1.108172451913525e-05,,215.0
130155,720575940641997531,7.582232565694902e-06,,237.0,172.0,65.0,74544,720575940626162890,1.6549680696420488e-05,,214.0
105851,720575940632041935,1.1300442766315477e-05,,236.0,133.0,103.0,48566,720575940621392086,1.0602627406597342e-05,,213.0
16013,720575940613033470,9.477790707257405e-06,,234.0,160.0,74.0,132679,720575940644968215,8.384199471800358e-06,,211.0
27054,720575940616434242,1.1883691425129683e-05,,233.0,127.0,106.0,13273,720575940612203482,9.842321119113429e-06,,210.0
224,720575940603533246,8.384199471800358e-06,,233.0,185.0,48.0,51230,720575940621835174,8.311293389406949e-06,,210.0
104093,720575940631630021,7.5822325659169465e-06,,228.0,152.0,76.0,105434,720575940631959097,8.165481224731153e-06,,206.0
98968,720575940630652798,9.477790707257405e-06,,227.0,103.0,124.0,27161,720575940616471052,9.842321119002406e-06,,205.0
5455,720575940608086194,8.019669060055357e-06,,227.0,114.0,113.0,73799,720575940626009852,8.748729883545359e-06,,205.0
99275,720575940630705256,1.3341813072331732e-05,,227.0,148.0,79.0,42456,720575940620298772,8.748729883545359e-06,,205.0
68954,720575940625031769,9.477790707257405e-06,,226.0,149.0,77.0,46117,720575940620957423,8.092575142448766e-06,,204.0
13732,720575940612355507,7.363514318736719e-06,,226.0,115.0,111.0,17353,720575940613475557,7.217702154060923e-06,,204.0
43004,720575940620418401,1.0894251736059957e-05,,224.0,121.0,103.0,78345,720575940626889491,8.384199471800358e-06,,202.0
104357,720575940631693354,8.384199471800358e-06,,224.0,75.0,149.0,16932,720575940613347299,8.384199471800358e-06,,202.0
80547,720575940627233667,9.842321119002406e-06,,222.0,178.0,44.0,94468,720575940629780858,9.550696789539792e-06,,200.0
64347,720575940624177151,8.748729883656381e-06,,221.0,120.0,101.0,70429,720575940625345511,8.748729883545359e-06,,199.0
116710,720575940635355804,1.0863006272066045e-05,,218.0,142.0,76.0,21977,720575940614963359,9.113260295401382e-06,,197.0
104923,720575940631838994,8.384199471800358e-06,,218.0,127.0,91.0,52423,720575940622066390,8.165481224731153e-06,,197.0
128612,720575940640608219,9.113260295401382e-06,,218.0,130.0,88.0,67464,720575940624766700,8.748729883545359e-06,,197.0
120957,720575940637187982,8.165481224731153e-06,,218.0,113.0,105.0,120998,720575940637209822,8.384199471800358e-06,,197.0
32419,720575940617893771,3.789380423768751e-05,,217.0,161.0,56.0,47261,720575940621157645,8.165481224731153e-06,,196.0
129622,720575940641366517,8.82163596604979e-06,,217.0,101.0,116.0,71480,720575940625561406,9.33197854258161e-06,,196.0
56856,720575940622849306,1.8184859972181222e-05,,216.0,125.0,91.0,53069,720575940622168052,9.113260295401382e-06,,195.0
137099,720575940659709569,9.842321119002406e-06,,211.0,104.0,107.0,25755,720575940616067701,9.842321119002406e-06,,194.0
91841,720575940629239934,8.384199471800358e-06,,209.0,150.0,59.0,96826,720575940630233404,7.363514318736719e-06,,192.0
105479,720575940631967506,1.064428802499684e-05,,209.0,153.0,56.0,128090,720575940640331472,8.384199471800358e-06,,192.0
843,720575940604690278,8.384199471800358e-06,,208.0,120.0,88.0,55225,720575940622550089,9.842321119002406e-06,,192.0
102851,720575940631374440,9.477790707257405e-06,,205.0,176.0,29.0,136400,720575940653576694,8.748729883545359e-06,,191.0
125589,720575940639198397,8.384199471800358e-06,,204.0,162.0,42.0,136635,720575940655013281,8.165481224731153e-06,,191.0
105810,720575940632032460,9.33197854258161e-06,,204.0,139.0,65.0,114770,720575940634645867,1.0206851530969452e-05,,190.0
1794,720575940605513649,8.384199471800358e-06,1.0425830799798419e-05,203.0,140.0,63.0,43606,720575940620534768,2.449644367386039e-05,,190.0
53642,720575940622266236,9.113260295512404e-06,,202.0,106.0,96.0,26833,720575940616376287,9.477790707257405e-06,,189.0
137098,720575940659709313,9.113260295512404e-06,,202.0,115.0,87.0,66340,720575940624537284,8.384199471800358e-06,,188.0
118474,720575940636034661,8.165481224731153e-06,,201.0,150.0,51.0,68733,720575940624996894,9.69650895432661e-06,,187.0
106962,720575940632307025,8.748729883545359e-06,,199.0,146.0,53.0,55428,720575940622594186,9.113260295401382e-06,,187.0
115053,720575940634756203,8.019669059944334e-06,,196.0,153.0,43.0,36039,720575940618731284,1.020685153085843e-05,,187.0
31983,720575940617787649,9.331978542470587e-06,,195.0,133.0,62.0,127804,720575940640205501,9.113260295512404e-06,,185.0
14002,720575940612443890,7.144796071667514e-06,,193.0,124.0,69.0,87692,720575940628459011,8.384199471800358e-06,,184.0
114274,720575940634428058,1.257109163033121e-05,1.3206512556485084e-05,192.0,162.0,30.0,98998,720575940630658578,8.384199471800358e-06,,183.0
34485,720575940618355870,8.748729883545359e-06,,189.0,148.0,41.0,119402,720575940636479863,9.769415036608997e-06,,183.0
50121,720575940621656541,1.6768398943489693e-05,,187.0,89.0,98.0,88509,720575940628613223,9.113260295401382e-06,,183.0
894,720575940604735660,8.748729883545359e-06,,186.0,114.0,72.0,35754,720575940618668198,9.477790707257405e-06,,182.0
52965,720575940622147873,1.633096244924026e-05,,184.0,152.0,32.0,35244,720575940618539810,6.998983906991718e-06,,181.0
10234,720575940610995410,9.550696789539792e-06,,183.0,81.0,102.0,75318,720575940626328707,8.165481224731153e-06,,181.0
87683,720575940628456553,9.69650895432661e-06,,182.0,92.0,90.0,5932,720575940608402524,8.384199471800358e-06,,181.0
113964,720575940634295191,8.748729883545359e-06,,175.0,109.0,66.0,30474,720575940617401122,8.967448130614564e-06,,175.0
97521,720575940630372982,9.477790707257405e-06,,172.0,130.0,42.0,12419,720575940611881970,1.1446254930991273e-05,,172.0
129540,720575940641281013,7.144796071667514e-06,,169.0,113.0,56.0,71506,720575940625567674,1.0206851530969452e-05,,169.0
89986,720575940628881576,8.748729883545359e-06,,169.0,108.0,61.0,47715,720575940621246068,8.384199471800358e-06,,169.0
47348,720575940621174337,8.748729883545359e-06,,169.0,106.0,63.0,8774,720575940610258552,8.165481224731153e-06,,170.0
112444,720575940633722849,9.113260295512404e-06,,163.0,74.0,89.0,5449,720575940608083780,9.11326029529036e-06,,164.0
128494,720575940640536408,1.1592067095778091e-05,,161.0,98.0,63.0,93008,720575940629477675,8.019669059944334e-06,,161.0
130054,720575940641832333,8.748729883545359e-06,,161.0,99.0,62.0,118416,720575940636008559,6.780265659811491e-06,,162.0
93803,720575940629639550,8.384199471800358e-06,,160.0,101.0,59.0,93074,720575940629488682,1.1154630601528659e-05,,160.0
117378,720575940635612055,8.82163596604979e-06,,159.0,94.0,65.0,106909,720575940632296519,8.384199471800358e-06,,159.0
133750,720575940646032931,6.780265659811491e-06,,157.0,76.0,81.0,25977,720575940616130646,8.384199471800358e-06,,157.0
128692,720575940640652752,8.748729883545359e-06,,138.0,85.0,53.0,50584,720575940621734126,8.019669060055357e-06,,139.0
67721,720575940624816115,9.33197854258161e-06,,135.0,103.0,32.0,57541,720575940622975624,9.113260295401382e-06,,132.0
135665,720575940650293494,6.998983906991718e-06,,129.0,56.0,73.0,14527,720575940612605667,7.144796071667514e-06,,129.0
2724,720575940606084444,8.748729883545359e-06,,128.0,91.0,37.0,88339,720575940628582607,9.477790707257405e-06,,128.0
134066,720575940646443316,9.33197854258161e-06,,126.0,101.0,25.0,17229,720575940613436327,8.748729883545359e-06,,126.0
112701,720575940633800860,9.113260295512404e-06,,126.0,81.0,45.0,83158,720575940627691458,9.842321119002406e-06,,125.0
20570,720575940614562271,1.0352663695534225e-05,,123.0,52.0,71.0,129565,720575940641305229,9.113260295401382e-06,,124.0
136795,720575940655671713,8.748729883545359e-06,,119.0,80.0,39.0,105871,720575940632045839,4.186892158541955e-05,,119.0
132682,720575940644972232,1.0717194107501271e-05,,113.0,49.0,64.0,247,720575940603591014,8.748729883545359e-06,,113.0
92763,720575940629428674,8.967448130614564e-06,,111.0,72.0,39.0,131518,720575940643817888,8.384199471800358e-06,,111.0
70588,720575940625378312,8.748729883545359e-06,,111.0,64.0,47.0,134161,720575940646542446,8.602917718869563e-06,,111.0
77882,720575940626816062,1.3227246371538826e-05,,96.0,33.0,63.0,102080,720575940631225996,8.748729883545359e-06,,96.0
56649,720575940622806533,1.2321127919268093e-05,,96.0,38.0,58.0,5177,720575940607880578,8.019669059944334e-06,,96.0
110582,720575940633173412,8.165481224731153e-06,,96.0,35.0,61.0,58781,720575940623175861,7.509326483412515e-06,,95.0
17167,720575940613424593,1.0279757613140816e-05,,93.0,55.0,38.0,106444,720575940632180684,8.384199471800358e-06,,92.0
12624,720575940611960274,6.998983906991718e-06,,85.0,43.0,42.0,116805,720575940635394552,1.3123094825262527e-05,9.392858772716561e-06,85.0
67122,720575940624700088,1.0352663695645248e-05,,83.0,30.0,53.0,98230,720575940630513861,1.1300442766315477e-05,,83.0
89934,720575940628869391,7.800950812764107e-06,,82.0,11.0,71.0,23129,720575940615288203,8.894542048221155e-06,,82.0
104835,720575940631813796,6.998983906991718e-06,,78.0,36.0,42.0,26880,720575940616390237,9.113260295401382e-06,,77.0
128157,720575940640357795,1.1446254931102295e-05,,76.0,59.0,17.0,106996,720575940632314705,7.582232565694902e-06,,76.0
63598,720575940624052528,7.582232565694902e-06,,74.0,40.0,34.0,10743,720575940611219298,8.384199471800358e-06,,75.0
31388,720575940617636725,7.582232565694902e-06,,70.0,33.0,37.0,130620,720575940642534285,8.165481224731153e-06,,71.0
81687,720575940627418856,7.728044730592742e-06,,68.0,47.0,21.0,69549,720575940625143795,8.165481224731153e-06,,69.0
56250,720575940622733345,8.384199471800358e-06,,60.0,30.0,30.0,48329,720575940621352513,9.071599677001885e-06,,60.0
72480,720575940625763709,7.80095081287513e-06,,58.0,14.0,44.0,74532,720575940626161171,8.16548122462013e-06,,58.0
134495,720575940647047220,8.67582380115195e-06,,57.0,20.0,37.0,110052,720575940633011757,7.217702154060923e-06,,57.0
72749,720575940625811812,1.202950358980548e-05,9.6164895424522e-06,56.0,23.0,33.0,52114,720575940622013516,9.842321119002406e-06,,56.0
15890,720575940612993191,7.436420401019106e-06,,55.0,10.0,45.0,130699,720575940642619611,8.384199471800358e-06,,55.0
82180,720575940627503379,8.019669059944334e-06,,51.0,25.0,26.0,24546,720575940615718722,6.926077824598309e-06,,51.0
94200,720575940629724367,8.165481224731153e-06,,50.0,31.0,19.0,108302,720575940632600863,7.436420401019106e-06,,50.0
131954,720575940644319796,6.998983906991718e-06,,47.0,18.0,29.0,127480,720575940640062296,6.998983906991718e-06,,47.0
35178,720575940618522533,7.946762977439903e-06,,46.0,16.0,30.0,44271,720575940620649492,9.113260295401382e-06,,46.0
12332,720575940611855458,1.020685153085843e-05,,42.0,31.0,11.0,15179,720575940612804757,8.384199471800358e-06,,42.0
5114,720575940607852745,9.915227201395815e-06,,42.0,9.0,33.0,50466,720575940621713499,6.7802656597004685e-06,,42.0
72604,720575940625786600,8.748729883545359e-06,,42.0,24.0,18.0,121992,720575940637638798,7.946762977550925e-06,8.129407113366405e-06,42.0
10881,720575940611290005,9.623602871933201e-06,,41.0,21.0,20.0,95188,720575940629915770,7.800950812764107e-06,,41.0
20768,720575940614618274,7.582232565694902e-06,,40.0,19.0,21.0,12542,720575940611933845,7.800950812764107e-06,,40.0
126418,720575940639594611,6.780265659811491e-06,,40.0,14.0,26.0,8711,720575940610221636,7.800950812764107e-06,,40.0
15687,720575940612946325,7.655138648088311e-06,,38.0,14.0,24.0,62235,720575940623817156,7.655138648088311e-06,,38.0
19313,720575940614164647,8.457105554193767e-06,,36.0,17.0,19.0,80271,720575940627190659,8.530011636476154e-06,,36.0
66375,720575940624545533,6.998983906991718e-06,,36.0,23.0,13.0,31875,720575940617755682,7.217702154060923e-06,,36.0
68767,720575940625003653,0.0,,33.0,0.0,33.0,20129,720575940614409639,6.7802656597004685e-06,,33.0
136997,720575940658875777,7.80095081287513e-06,,33.0,16.0,17.0,27576,720575940616586613,9.2590724601882e-06,,33.0
106003,720575940632075724,7.582232565694902e-06,,32.0,17.0,15.0,82259,720575940627517442,6.488641330348877e-06,,32.0
35541,720575940618609462,6.780265659922513e-06,,32.0,17.0,15.0,1377,720575940605167276,8.457105554193767e-06,,32.0
122483,720575940637842246,0.0,,31.0,0.0,31.0,2282,720575940605825638,7.800950812764107e-06,,31.0
90785,720575940629025020,8.530011636476154e-06,,31.0,8.0,23.0,18705,720575940613928676,8.67582380115195e-06,,31.0
128158,720575940640358205,8.384199471800358e-06,,30.0,18.0,12.0,59522,720575940623310333,8.457105554193767e-06,,30.0
95106,720575940629901074,1.4143779978437188e-05,,30.0,9.0,21.0,65959,720575940624452685,7.80095081287513e-06,,30.0
19555,720575940614235117,7.800950812764107e-06,,30.0,18.0,12.0,11609,720575940611582826,1.0206851530969452e-05,,30.0
67735,720575940624819785,7.582232565694902e-06,,26.0,9.0,17.0,98276,720575940630522193,6.780265659811491e-06,,26.0
19512,720575940614222051,8.384199471800358e-06,,24.0,11.0,13.0,25529,720575940616009010,8.384199471800358e-06,,24.0
123696,720575940638386291,7.80095081287513e-06,,23.0,6.0,17.0,82114,720575940627492117,7.509326483412515e-06,,23.0
6582,720575940608932107,7.946762977550925e-06,,23.0,6.0,17.0,2033,720575940605681086,7.436420401019106e-06,,23.0
119220,720575940636373752,7.436420401019106e-06,,23.0,7.0,16.0,105340,720575940631938245,7.946762977550925e-06,,23.0
65423,720575940624356137,8.019669060055357e-06,,22.0,5.0,17.0,83540,720575940627753349,7.80095081287513e-06,,22.0
75075,720575940626279196,7.80095081287513e-06,,21.0,8.0,13.0,130218,720575940642081243,6.561547412631263e-06,,21.0
92461,720575940629373968,2.0413703061605837e-05,,18.0,9.0,9.0,76556,720575940626581672,8.457105554193767e-06,8.072167949346731e-06,18.0
111975,720575940633571553,8.748729883545359e-06,,17.0,12.0,5.0,103060,720575940631417057,0.0,,17.0
110949,720575940633252812,6.926077824487287e-06,,14.0,6.0,8.0,36584,720575940618870187,6.4157352479554675e-06,,14.0
94203,720575940629724495,6.197017000886262e-06,,11.0,4.0,7.0,57327,720575940622939272,1.0206851530969452e-05,,11.0
97255,720575940630314110,5.905392671423648e-06,,11.0,2.0,9.0,69602,720575940625155080,1.0206851530969452e-05,,11.0
120901,720575940637163438,1.0206851530969452e-05,,10.0,5.0,5.0,128759,720575940640691619,6.780265659811491e-06,,10.0
54435,720575940622396429,7.217702154060923e-06,,5.0,4.0,1.0,18300,720575940613774706,0.0,,5.0
